숙박시설명,시설명(영문),주소,주소(영문),숙박위치(동서방향),숙박위치(남북방향),숙박업소 홈페이지 주소,숙박업소 근처 시티투어 버스 유무,숙박업소 등급,숙박업소 건물 수,숙박업소 객실 수,숙박업소 스탠딩 수,숙박업소 좌석 수,숙박업소 대표메뉴,숙박업소 특징,숙박업소 연중무휴 여부,숙박업소 오픈 시간,숙박업소 종료 시간,성수기시작일,성수기종료일,숙박시설의 휴무 이유,조식 유무,쿠폰 유무,쿠폰 할인율,쿠폰 시작 날짜,쿠폰 마감 날짜,쿠폰 참고사항,주민 사용가능한 쿠폰 유무,주차장 유무,주차장 요금 유무,주차장 세부사항,주차 자동차 합계,주차 버스 합계,숙박 주변 주차장 정보,장애인 시설 유무,산책 유무,신용카드 유무,팁 유무,핸드폰 충전 유무,짐 보관 이유,아동 보육 유무,반려동물 보호 유무,외국인 가이드 유무,근처 관광 정보,근처 쇼핑 정보,근처 외식 정보,근처 숙박 정보,근처 교통 정보
돋을볕 펜션,,전라남도 여수시 남면 장지해안길 25,"25, Jangjihaean-gil Nam-myeon, Yeosu-si, Jeollanam-do",,,,n,,1,5,0,0,,"돋을볕 펜션, 민박, 숙박, 금오도, 심장리, 장지",n,13:00,12:00,07월 20일,08월 20일,,n,n,,,,,,y,n,,10,4,,,n,y,y,y,n,n,n,n,y,y,n,y,n
금오도 별밤지기 펜션,,전라남도 여수시 남면 내외진안길 19,"19, Naeoejinan-gil Nam-myeon, Yeosu-si, Jeollanam-do",,,http://blog.naver.com/mhpink52,y,,2,5,0,0,,"금오도 별밤지기 펜션, 남면, 민박, 우학리",n,14:00,12:00,07월 20일,08월 20일,,n,n,,,,,,y,n,,10,1,,,n,n,y,y,n,n,n,y,y,y,n,y,n
식스티,,전라남도 여수시 시청동3길 30-2,"30-2, Sicheongdong 3-gil, Yeosu-si, Jeollanam-do",369481.7976,240024.7073,,n,,6,100,0,0,,"식스티모텔, 모텔, 여수모텔, 학동숙박",n,11:00,14:00,08월 01일,08월 31일,,n,n,,,,,,y,n,,15,10,,,n,y,n,y,n,n,y,n,y,y,y,y,n
하화도 꽃섬길 펜션,,전라남도 여수시 화정면 아랫꽃섬1길 6-1,"6-1, Araetkkotseom 1-gil Hwajeong-myeon, Yeosu-si, Jeollanam-do",365352.8764,221910.7069,http://blog.daum.net/eunsuk5892/1,n,,1,3,0,0,,"하화도, 하화도 펜션, 펜션, 민박,하화도 꽃섬, 꽃섬, 하화도 꽃섬길 펜션, 식당",n,15:00,10:00,07월 10일,08월 30일,,n,n,,,,,,y,n,,4,1,,,n,y,n,y,n,n,n,n,y,y,y,y,n
해밀턴모텔,,전라남도 여수시 삼산면 하늘담길 14-1,"14-1, Haneuldam-gil Samsan-myeon, Yeosu-si, Jeollanam-do",336467.8013,159262.674,,n,,1,20,0,0,,"거문도, 숙박, 해밀턴모텔",n,11:00,10:00,01월 01일,12월 31일,,n,n,,,,,,y,n,,5,1,,,n,y,y,y,n,n,n,n,y,y,y,y,n
시랜드모텔,,전라남도 여수시 삼산면 거문길 92,"92, Geomun-gil Samsan-myeon, Yeosu-si, Jeollanam-do",336436.404,159155.9802,,n,,1,15,0,0,,"거문도, 숙박, 시랜드모텔",n,11:00,12:00,07월 15일,08월 15일,,n,n,,,,,,y,n,,5,1,,,n,y,y,y,n,n,n,n,y,y,y,y,n
바다정원펜션,,전라남도 여수시 남면 금오로 166,"166, Geumo-ro Nam-myeon, Yeosu-si, Jeollanam-do",378814.879,213888.6968,blog.naver.com/swyang16343,y,,2,4,0,0,,"남면, 금오도, 숙박, 바다정원펜션",n,14:00,11:00,07월 20일,08월 20일,,n,n,,,,,,y,n,,7,1,,,n,n,y,y,n,n,n,y,y,y,y,y,n
동백여관,,전라남도 여수시 삼산면 거문길 26-8,"26-8, Geomun-gil Samsan-myeon, Yeosu-si, Jeollanam-do",336615.0062,158941.3806,,y,,1,8,0,0,,"거문도, 숙박, 동백여관",n,14:00,11:00,07월 15일,08월 15일,,n,n,,,,,,y,n,,5,1,,,n,y,y,y,n,n,n,n,y,y,y,y,n
하늬바람펜션,,전라남도 여수시 화정면 화백해안길 17,"17, Hwabaekhaean-gil Hwajeong-myeon, Yeosu-si, Jeollanam-do",366226.7376,224745.0817,,n,,1,4,0,0,,"백야도, 하늬바람펜션, 민박, 백야대교",n,14:00,11:00,07월 15일,08월 31일,,n,n,,,,,,y,n,,10,2,,,n,n,y,y,n,n,n,n,y,y,y,y,n
하화도 게스트하우스,,전라남도 여수시 화정면 아랫꽃섬1길 1,"1, Araetkkotseom 1-gil Hwajeong-myeon, Yeosu-si, Jeollanam-do",,,,n,,1,1,0,0,,"하화도 게스트하우스, 민박, 숙박",n,14:00,11:00,04월 01일,05월 31일,,n,n,,,,,,y,n,,3,1,,,n,n,y,y,n,n,n,n,y,y,n,n,n
하화도민박,,전라남도 여수시 화정면 아랫꽃섬1길 7,"7, Araetkkotseom 1-gil Hwajeong-myeon, Yeosu-si, Jeollanam-do",365347.9896,221913.7757,,n,,1,2,0,0,,"하화도, 하화도민박, 숙박, 꽃섬길",n,14:00,11:00,04월 01일,05월 31일,,n,n,,,,,,y,n,,2,1,,,n,n,y,y,n,n,n,n,y,y,n,n,n
꽃섬민박,,전라남도 여수시 화정면 아랫꽃섬1길 15,"15, Araetkkotseom 1-gil Hwajeong-myeon, Yeosu-si, Jeollanam-do",,,,n,,1,2,0,0,,"하화도, 꽃섬식당, 민박, 숙박",n,14:00,11:00,04월 01일,05월 31일,,n,n,,,,,,y,n,,5,1,,,n,y,y,y,n,n,n,n,y,y,n,n,n
해수펜션,,전라남도 여수시 남면 장지해안길 69,"69, Jangjihaean-gil Nam-myeon, Yeosu-si, Jeollanam-do",381113.7081,210399.5564,,y,,3,10,0,0,,"해수펜션, 민박, 숙박, 금오도, 심장리",n,11:00,10:00,07월 15일,08월 15일,,n,n,,,,,,y,n,,10,4,,,n,n,y,y,n,n,n,n,y,y,y,y,n
가보자모텔,,전라남도 여수시 봉산남8길 17-10,"17-10, Bongsannam 8-gil, Yeosu-si, Jeollanam-do",,,cafe.naver.com/alpsmotel,n,,1,27,0,0,,"알프스모텔, 숙박",n,14:00,12:00,07월 10일,08월 30일,,n,n,,,,,,y,n,,7,5,,,n,y,y,y,n,n,n,y,y,y,y,y,n
나비잠모텔,,전라남도 여수시 대교로 38,"38, Daegyo-ro, Yeosu-si, Jeollanam-do",,,www.nabizamzz.com,n,,1,17,0,0,,"나비잠 게스트하우스,숙박",n,15:00,11:00,07월 01일,08월 31일,,y,n,10%,2017-06-01,2018-05-31,소셜 및 이벤트 중복할인 불가,,y,n,,6,4,,,n,y,y,y,n,n,n,y,y,y,y,y,n
조아모텔,,전라남도 여수시 시청동2길 13,"13, Sicheongdong 2-gil, Yeosu-si, Jeollanam-do",369489.7948,240161.2103,,n,,1,29,0,0,,"조아모텔, 숙박, 도심",n,14:00,11:00,07월 10일,08월 30일,,n,n,,,,,,y,n,,14,1,,,n,y,y,y,n,n,n,n,y,y,y,y,n
거문도섬호텔,,전라남도 여수시 삼산면 거문도등대길 54,"54, Geomundodeungdae-gil Samsan-myeon, Yeosu-si, Jeollanam-do",,,www.geomundohotel.co.kr,n,,1,30,0,0,,"거문도,관광호텔,숙박,거문도섬호텔",n,13:00,11:00,07월 15일,08월 15일,,n,n,20%,2016-05-31,2017-05-31,,,y,n,,5,1,,,n,y,y,y,n,n,n,n,y,y,y,y,n
별장민박,,전라남도 여수시 돌산읍 향일암로 719,"719, Hyangiram-ro Dolsan-eup, Yeosu-si, Jeollanam-do",381125.6373,225110.9837,,n,,0,0,0,0,,"미래산장민박,별장민박",n,12:00,11:00,,,,n,n,,,,,,n,n,,10,0,,,n,n,y,y,n,n,n,n,y,y,y,y,y
여수담쟁이펜션,,전라남도 여수시 이순신광장로 265-1,"265-1, Isunsingwangjang-ro, Yeosu-si, Jeollanam-do",,,www.담쟁이펜션.kr,n,,1,2,0,0,,"여수담쟁이펜션,숙박,여수세계박람회장,빅오,오동도,아쿠아플라넷여수",n,14:00,11:00,07월 10일,08월 30일,,n,n,,,,,,y,n,,2,0,,,n,n,n,y,n,n,n,n,y,y,y,y,n
반석펜션,,전라남도 여수시 남면 우두로 70,"70, Udu-ro Nam-myeon, Yeosu-si, Jeollanam-do",,,,y,,1,3,0,0,,"반석펜션,금오도,우학리,숙박,비렁길",n,14:00,11:00,07월 15일,08월 30일,,n,n,,,,,,y,n,,10,2,,,n,n,y,n,n,n,n,n,y,y,y,y,n
여수비치펜션,,전라남도 여수시 하멜로 64,"64, Hamel-ro, Yeosu-si, Jeollanam-do",,,www.yeosubeach.com,n,,1,36,0,0,,"여수비치펜션, 펜션, 여수 앞바다 조망 펜션, 숙박, 이순신광장",n,15:00,11:00,07월 01일,08월 30일,,n,n,20%,2017-06-01,2018-05-31,주말(토요일) 성수기(하계)7/10~8/20 공휴일전날 제외,,y,n,,100,10,,,n,y,y,y,n,n,n,y,y,y,y,y,n
여수엘레나(일반호텔),,전라남도 여수시 문수로 106,"106, Munsu-ro, Yeosu-si, Jeollanam-do",,,www.elenahotel.kr,n,,0,37,0,0,,"관광호텔, 숙박, 엘레나 호텔",n,15:00,12:00,07월 10일,08월 10일,,n,n,15%,2017-06-01,2018-05-31,"주말,공휴일,성수기( 7/15~ 8/20 ) 제외",,y,y,,100,0,,,n,y,n,y,n,n,n,y,y,y,y,y,n
엑스포해수피아,,전라남도 여수시 어항단지로 27,"27, Eohangdanji-ro, Yeosu-si, Jeollanam-do",,,www.ysexpo.kr,n,,0,0,0,0,,"엑스포해수피아, 찜질방",n,,,06월 01일,08월 01일,,y,n,,,,,,y,n,,50,10,,,n,y,y,y,n,n,n,y,y,y,y,y,n
챠밍홈사랑채,,전라남도 여수시 돌산읍 봉수길 112-1,"112-1, Bongsu-gil Dolsan-eup, Yeosu-si, Jeollanam-do",378366.0091,228156.8183,cafe.daum.net/charmingfashion,n,,1,2,0,0,,"챠밍홈사랑채, 챠밍홈, 사랑채, 남도민박, 여수민박, 민박",n,14:00,11:00,07월 15일,08월 30일,,n,n,,,,,,y,n,,4,0,,,n,n,n,y,n,n,n,y,y,y,y,y,n
진막 해녀촌 체험관 및 펜션,,전라남도 여수시 삼산면 초도리,,,,,n,,0,6,0,0,,,n,9:00,12:00,06월 15일,08월 31일,,y,n,,,,,,y,n,,0,0,,,n,n,n,y,n,n,n,n,y,y,y,y,n
MJ모텔,,전라남도 여수시 여문문화길 76-1,"76-1, Yeomunmunhwa-gil, Yeosu-si, Jeollanam-do",,,www.mjmotel.co.kr,n,,1,40,0,0,,모텔 MJ 여수 숙박,n,14:00,12:00,06월 15일,08월 20일,,n,n,10%,2017-06-01,2018-05-31,"주말,공휴일,성수기(하계)제외 / 2인이하적용, 3인이상시 2인만 혜택",,y,y,,10,0,,,n,y,y,y,n,n,n,y,y,y,y,y,y
미하스빌 펜션,,전라남도 여수시 돌산읍 계동해안길 97,"97, Gyedonghaean-gil Dolsan-eup, Yeosu-si, Jeollanam-do",,,http://www.mijasbill.com,n,,6,8,0,0,,"산과 바다, 독립형, 가족, 지중해, 낚시, 휴양, 커플, 바다가보이는팬션, 여수팬션, 단체",n,14:00,11:00,07월 13일,08월 18일,,n,n,,,,,,y,n,,18,0,,,n,y,n,y,n,n,y,y,n,n,n,n,n
비렁길굴등펜션,,전라남도 여수시 남면 금오서부로 435-248,"435-248, Geumoseobu-ro Nam-myeon, Yeosu-si, Jeollanam-do",376929.841,213684.1812,www.금오도비렁길굴등펜션.kr,n,,1,4,0,0,,"여수펜션,비렁길,금오도,안도,다도해해상,편백나무펜션",n,14:00,11:00,07월 10일,08월 31일,,n,n,,,,,,y,n,,10,0,,,n,y,y,y,n,n,n,n,y,y,n,y,n
우실 바다펜션,,전라남도 여수시 남면 우실해안길 23-2,"23-2, Usilhaean-gil Nam-myeon, Yeosu-si, Jeollanam-do",379055.2395,212622.7394,blog.naver.com/woosil5047,n,,1,5,0,0,,"우실바다펜션,금오도,남면,비렁길,숙박,우학항",n,14:00,11:00,,,,n,n,,,,,,y,n,,10,1,,,n,n,n,y,n,n,n,n,y,y,n,y,n
상록수 민박,,전라남도 여수시 돌산읍 우두1길 23,"23, Udu 1-gil Dolsan-eup, Yeosu-si, Jeollanam-do",376576.6999,236596.3336,blog.naver.com/iris0445,n,,1,2,0,0,,,n,14:00,10:00,07월 15일,08월 24일,,n,n,10%,2017-06-01,2018-05-31,예약시 적용됨,,y,n,,7,1,,,n,n,y,y,n,n,n,y,y,y,y,y,n
 e러케조은 민박,,전라남도 여수시 돌산읍 방죽포길 79,"79, Bangjukpo-gil Dolsan-eup, Yeosu-si, Jeollanam-do",,,egood.namdominbak.go.kr/,n,,1,6,0,0,,남도민박 여수민박 방죽포,n,13:00,11:00,07월 10일,08월 30일,,n,n,,,,,,y,n,,15,3,,,n,n,n,y,n,n,n,n,y,y,y,y,n
향일암펜션 예술인의 집,,전라남도 여수시 돌산읍 향일암로 74-6,"74-6, Hyangiram-ro Dolsan-eup, Yeosu-si, Jeollanam-do",382205.1748,221905.0203,,n,,2,5,0,0,,"돌산도,향일암펜션,민박,향일암,숙박",n,14:00,11:00,07월 13일,08월 25일,,n,n,,,,,,y,n,,9,0,,,n,n,n,y,n,n,n,n,y,y,y,y,n
여수 스머프 흙집,,전라남도 여수시 돌산읍 진모1길 29-36,"29-36, Jinmo 1-gil Dolsan-eup, Yeosu-si, Jeollanam-do",377969.9407,234449.7988,www.yeosusmurf.com,n,,8,8,0,0,,"여수펜션,여수펜션추천,여수가족펜션,여수숙박,여수커플펜션,돌산도펜션,여수흙집펜션등",n,15:00,11:00,07월 20일,08월 11일,,n,n,,,,,,y,n,,10,1,,,n,y,n,y,n,n,n,y,n,y,y,y,n
폴링인블루펜션,,전라남도 여수시 돌산읍 평사리,,,,www.fallinginblue.co.kr,n,,2,9,0,0,,"스파 및 수영장 구비 펜션, 여수엑스포 인근펜션, 바닷가펜션, 향일암 금오도 관광,",n,15:00,11:00,07월 01일,08월 30일,,n,n,,,,,,y,n,,12,0,,,n,y,y,y,n,n,n,n,y,y,y,y,n
폴링인블루펜션,,전라남도 여수시 돌산읍 월암길 125,"125, Woram-gil Dolsan-eup, Yeosu-si, Jeollanam-do",379576.3709,230010.4788,www.fallinginblue.co.kr,n,,2,9,0,0,,"폴링인블루펜션, 스파 및 수영장, 돌산읍",n,15:00,11:00,07월 01일,08월 30일,,n,n,,,,,,y,n,,12,0,,,n,y,y,y,n,n,n,n,n,n,y,n,n
엑스포로 펜션,,전라남도 여수시 덕충2길 47,"47, Deokchung 2-gil, Yeosu-si, Jeollanam-do",376307.3575,239719.6041,www.exporo.net,n,,1,2,0,0,,"민박,펜션,오동도,엑스포",n,13:00,12:00,07월 10일,08월 30일,,n,n,,,,,,y,n,,6,2,,,n,n,n,y,n,n,y,n,y,y,y,y,n
폴링인블루펜션,,전라남도 여수시 돌산읍 평사리,,,,www.fallinginblue.co.kr,n,,2,9,0,0,,,n,0:00,23:59,,,,n,n,,,,,,n,n,,,,,,n,n,n,n,n,n,n,n,y,y,y,y,n
경기민박,,전라남도 여수시 삼산면 서도리,,,,,n,,1,3,0,0,,,n,14:00,12:00,06월 01일,08월 01일,,n,n,,,,,,y,n,,3,0,,,n,n,n,y,n,n,n,n,y,y,y,y,n
무지개펜션,,전라남도 여수시 화양면 옥천로 1063-3,"1063-3, Okcheon-ro Hwayang-myeon, Yeosu-si, Jeollanam-do",,,http://www.ys-moojigae.com,n,,5,5,0,0,,,n,14:00,12:00,06월 01일,08월 17일,,n,n,,,,,,y,n,,0,0,,,n,y,n,y,n,n,n,n,y,y,y,y,n
거문도관광호텔,,전라남도 여수시 삼산면 덕촌리,,,,,n,,0,0,0,0,,,n,0:00,23:59,,,,n,n,,,,,,n,n,,,,,,n,n,n,n,n,n,n,n,y,y,y,y,n
에스모텔(S),,전라남도 여수시 무선6길 43-4,"43-4, Museon 6-gil, Yeosu-si, Jeollanam-do",,,blog.naver.com/yeosusmotel,n,,1,40,0,0,,"S모텔, 에스모텔, 무선S모텔, 여수S모텔",n,14:00,12:00,07월 13일,08월 18일,,n,n,,,,,,y,n,,40,1,,,n,y,n,y,n,n,n,y,y,n,n,n,n
별장민박,,전라남도 여수시 돌산읍 향일암로 757,"757, Hyangiram-ro Dolsan-eup, Yeosu-si, Jeollanam-do",381009.6317,225528.6732,,n,,1,3,0,0,,"돌산,방죽포,민박",n,14:00,12:00,07월 10일,08월 30일,,n,n,,,,,,y,n,,10,0,,,n,n,n,y,n,n,y,n,y,y,y,y,n
미래산장 민박,,전라남도 여수시 돌산읍 향일암로 804-1,"804-1, Hyangiram-ro Dolsan-eup, Yeosu-si, Jeollanam-do",381149.0304,225918.4733,,n,,1,6,0,0,,"미래산장민박,별장민박",n,12:00,11:00,,,,n,n,,,,,,y,n,,6,0,방죽포해수욕장 주차장,,n,n,y,y,n,n,y,n,y,y,y,y,y
마전민박,,전라남도 여수시 소라면 대포리,,,,,n,,1,2,0,0,,"민박,여수,엑스포",n,8:00,11:00,07월 10일,08월 30일,,n,n,,,,,,y,n,,3,0,,,n,n,n,n,n,n,n,n,y,y,y,y,n
여산가든민박,,전라남도 여수시 돌산읍 두문포길 30-2,"30-2, Dumunpo-gil Dolsan-eup, Yeosu-si, Jeollanam-do",380909.6141,226917.9599,,n,,1,6,0,0,,"민박,엑스포,여수",n,14:00,12:00,07월 12일,08월 31일,,n,n,,,,,,y,n,,10,0,,,n,n,n,y,n,n,n,n,y,y,y,y,n
여수밤바다,,전라남도 여수시 화정면 화백길 54-1,"54-1, Hwabaek-gil Hwajeong-myeon, Yeosu-si, Jeollanam-do",,,,n,,1,2,0,0,,"여수 밤바다,펜션,민박",n,14:00,11:00,07월 10일,08월 30일,,y,n,,,,,,y,n,,3,0,,,n,y,n,y,n,n,n,n,y,y,y,y,n
호텔프로방스,,전라남도 여수시 오동도로 61-14,"61-14, Odongdo-ro, Yeosu-si, Jeollanam-do",,, http://provence061.net,n,,1,39,0,0,,"프로방스, 모텔, 오동도, 박람회",n,17:00,11:00,07월 20일,08월 24일,,n,n,,,,,y,y,y,,0,0,,,n,y,y,y,n,n,n,y,y,y,y,y,n
남도민박,,전라남도 여수시 화정면 백야해안길 129,"129, Baegyahaean-gil Hwajeong-myeon, Yeosu-si, Jeollanam-do",,,,n,,1,2,0,0,,"여수,화정면 백야리,남도민박",n,14:00,11:00,07월 10일,08월 30일,,n,n,,,,,,y,n,,4,0,,,n,n,n,y,n,n,n,n,y,y,y,y,n
폴링인블루펜션,,전라남도 여수시 돌산읍 평사리,,,,www.fallinginblue.co.kr,n,,2,9,0,0,,"스파 및 수영장 구비 펜션, 여수엑스포 인근 펜션, 바닷가펜션, 향일암 금오도 관광,",n,11:00,15:00,07월 01일,08월 30일,,n,n,,,,,,n,n,,12,0,,,n,y,y,y,n,n,n,n,y,y,y,y,n
폴링인블루펜션,,전라남도 여수시 돌산읍 평사리,,,,www.fallinginblue.co.kr,n,,2,9,0,0,,"스파 및 수영장 구비 펜션, 역수엑스포 인근펜션, 바닷가펜션, 향일암 금오도 관광,",n,15:00,11:00,07월 01일,08월 30일,,n,n,,,,,,y,n,,12,0,,,n,y,y,y,n,n,n,n,y,y,y,y,n
종점모텔식당,,전라남도 여수시 돌산읍 향일암로 134,"134, Hyangiram-ro, Dolsan-eup, Yeosu-si, Jeollanam-do",,,,n,,0,0,132,16,활어회,"돌산읍,장애인편의시설,휠체어가능,장애인시설",n,7:00,21:00,,,,n,n,,,,,,y,n,,25,5,,휠체어출입가능,n,y,n,y,y,n,n,n,n,y,y,y,n
아꾸회관,,전라남도 여수시 여문문화2길 13,"13, Yeomunmunhwa 2-gil, Yeosu-si, Jeollanam-do",373203.378,239596.3597,,n,,0,0,44,0,"아귀찜,아귀탕",문수동,n,11:30,22:00,,,매월 둘째주 일요일,n,n,10%,2016-05-31,2017-05-31,,,n,n,,0,0,,,n,y,n,y,y,n,n,n,n,y,y,n,n
스위트모텔,,전라남도 여수시 둔덕2길 6-2,"6-2, Dundeok 2-gil, Yeosu-si, Jeollanam-do",372901.659,241032.8536,,n,,1,21,0,0,," 스위트모텔, 모텔, 숙박",n,12:00,12:00,07월 01일,08월 30일,,n,n,,,,,,y,n,,10,0,,,n,y,y,y,n,n,n,n,y,y,y,y,n
월암민박,,전라남도 여수시 돌산읍 월암길 64,"64, Woram-gil Dolsan-eup, Yeosu-si, Jeollanam-do",379711.6754,229938.1228,,n,,1,3,0,0,,"민박, 엑스포, 여수민박",n,,,,,,n,n,,,,,,y,n,,1,0,,,n,n,n,y,n,n,y,y,y,y,y,y,n
블랭크 펜션,,전라남도 여수시 망양로 351,"351, Mangyang-ro, Yeosu-si, Jeollanam-do",376839.0172,242472.4952,www.blankpension.com,n,,1,9,0,0,,펜션,n,15:00,12:00,06월 01일,08월 01일,,n,n,,,,,,y,n,,0,0,,,n,y,y,y,n,n,n,n,y,y,y,y,n
자연담은 민박,,전라남도 여수시 돌산읍 돌산로 3086,"3086, Dolsan-ro Dolsan-eup, Yeosu-si, Jeollanam-do",378486.6367,233391.8869,자연담은.kr,n,,1,6,0,0,,여수숙박.여수펜션.여수민박,n,13:00,11:00,07월 10일,08월 20일,,n,n,,,,,,y,n,,15,0,,,n,y,n,y,n,n,n,n,y,y,y,y,n
공항민박,,전라남도 여수시 소라면 대포리,,,,,n,,1,2,0,0,,"민박,엑스포,여수",n,14:00,11:00,07월 10일,08월 30일,,n,n,,,,,,y,n,,3,0,,,n,n,n,y,n,n,n,n,y,y,y,y,n
들녘펜션,,전라남도 여수시 화양면 나진리,,,,,n,,1,1,0,0,,"민박,엑스포",n,14:00,12:00,05월 12일,08월 30일,,n,n,,,,,,y,n,,4,3,,,n,n,n,y,n,n,y,y,y,y,y,y,n
숲속의집,,전라남도 여수시 소라면 서부로 192-85,"192-85, Seobu-ro Sora-myeon, Yeosu-si, Jeollanam-do",,,,n,,1,2,0,0,,"민박,엑스포",n,14:00,11:00,06월 01일,08월 01일,,n,n,,,,,,y,n,,10,0,,,n,n,n,y,n,n,n,n,y,y,y,y,n
여수엑스포캠핑빌리지,,전라남도 여수시 돌산읍 평사리,,,,www.expocampvil.com,n,,400,400,0,0,,"여수엑스포캠핑빌리지,텐트촌,돔하우스,캠핑장,돌산관광버스주차장,오토캠핑장",n,11:00,10:00,07월 10일,08월 30일,,n,n,,,,,,y,n,,300,10,,,n,y,y,y,n,n,n,y,y,y,y,y,n
돌비펜션,,전라남도 여수시 돌산읍 돌산로 607,"607, Dolsan-ro Dolsan-eup, Yeosu-si, Jeollanam-do",378709.6053,221805.1716,,n,,1,3,0,0,,,n,14:00,12:00,07월 20일,08월 15일,,n,n,10%,2017-06-01,2018-05-31,,,y,n,,10,0,,,n,y,n,y,n,n,n,n,y,y,y,y,n
여수 디오션워터파크,,전라남도 여수시 소호로 295,,,,www.theoceanresort.co.kr/,n,,0,0,0,0,,"여수 디오션워터파크, 해양, 체험, 리조트",n,9:00,20:00,,,,n,n,,,,,,y,n,,200,50,,,n,n,n,n,n,n,n,y,y,y,y,y,n
패밀리모텔,,전라남도 여수시 삼산면 삼호교길 16,"16, Samhogyo-gil Samsan-myeon, Yeosu-si, Jeollanam-do",336501.4084,158953.5793,,n,,1,13,0,0,,"거문도, 숙박, 패밀리모텔",n,10:00,10:00,07월 15일,08월 15일,,n,n,,,,,,y,n,,5,1,,,n,y,y,y,n,n,n,n,y,y,y,y,n
휘가로 모텔,,전라남도 여수시 봉산남5길 20 (봉산동),,,,,n,,0,32,0,0,,,n,0:00,23:59,,,,n,n,,,,,,n,n,,,,,,n,n,n,n,n,n,n,n,y,y,y,y,n
파크모텔,,전라남도 여수시 학동1길 16-6,"16-6, Hakdong 1-gil, Yeosu-si, Jeollanam-do",369494.3903,240769.999, http://m.blog.naver.com/park-motel,n,,1,28,0,0,,"파크모텔,여천모텔,여수모텔,여천공단 모텔,좋은모텔,여수숙박",n,14:00,11:00,07월 15일,08월 20일,,n,n,,,,,,y,n,,10,2,,,n,y,y,y,n,n,n,y,y,y,y,y,y
팔도모텔,,전라남도 여수시 공화북2길 25-1 (공화동),,,,,n,,0,13,0,0,,,n,0:00,23:59,,,,n,n,,,,,,n,n,,,,,,n,n,n,n,n,n,n,n,y,y,y,y,n
코리아 모텔,,전라남도 여수시 율촌면 청대길 7,,,,,n,,0,40,0,0,,,n,,,,,,n,n,10%,2017-06-01,2018-05-31,,,n,n,,0,0,,,n,n,n,n,n,n,n,n,y,y,y,y,n
크로바 모텔,,전라남도 여수시 돌산읍 강남5길 33,,,,,n,,0,19,0,0,,,n,0:00,23:59,,,,n,n,,,,,,n,n,,,,,,n,n,n,n,n,n,n,n,y,y,y,y,n
크리스탈모텔,,전라남도 여수시 여문1로 43-17,"43-17, Yeomun 1-ro, Yeosu-si, Jeollanam-do",373109.5866,239354.0698,,n,,0,32,0,0,,,n,,,,,,n,n,,,,,y,n,n,,0,0,,,n,n,n,n,n,n,n,n,y,y,y,y,n
킹덤 모텔,,전라남도 여수시 봉산남7길 5-2 (봉산동),,,,,n,,0,20,0,0,,,n,0:00,23:59,,,,n,n,,,,,,n,n,,,,,,n,n,n,n,n,n,n,n,y,y,y,y,n
종점모텔,,전라남도 여수시 돌산읍 향일암로 134,"134, Hyangiram-ro Dolsan-eup, Yeosu-si, Jeollanam-do",381821.1775,222310.9054,,n,,0,0,0,0,,,n,,,,,,n,n,,,,,,n,n,,0,0,,,n,n,n,n,n,n,n,n,y,y,y,y,n
천지모텔,,전라남도 여수시 봉산남8길 17-22 (봉산동),,,,,n,,0,23,0,0,,,n,0:00,23:59,,,,n,n,,,,,,n,n,,,,,,n,n,n,n,n,n,n,n,y,y,y,y,n
오성모텔,,전라남도 여수시 이순신광장로 203,"203, Isunsingwangjang-ro, Yeosu-si, Jeollanam-do",,,,n,,0,19,0,0,,,n,,,,,,n,n,10%,2017-06-01,2018-05-31,,,n,n,,0,0,,,n,n,n,n,n,n,n,n,y,y,y,y,n
브린츠호텔,,전라남도 여수시 여서1로 65,"65, Yeoseo 1-ro, Yeosu-si, Jeollanam-do",373173.0854,239487.4624,,n,,0,0,0,0,,,n,,,,,,n,n,40%,2017-06-01,2018-05-31,"정상가에서 40%할인 연휴기간,휴가철(극성수기)제외 / 7/28 ~ 8/15 (휴가철) 9/30 ~ 10/8 (연휴)",,n,n,,0,0,,,n,n,n,n,n,n,n,n,y,y,y,y,n
에쿠스모텔,,전라남도 여수시 봉산남7길 8 (봉산동),,,,,n,,0,23,0,0,,,n,0:00,23:59,,,,n,n,,,,,,n,n,,,,,,n,n,n,n,n,n,n,n,y,y,y,y,n
썬모텔,,전라남도 여수시 충무4길 5 (충무동),,,,,n,,0,19,0,0,,,n,0:00,23:59,,,,n,n,,,,,,n,n,,,,,,n,n,n,n,n,n,n,n,y,y,y,y,n
리츠모텔,,전라남도 여수시 거북선공원1길 8,"8, Geobukseongongwon 1-gil, Yeosu-si, Jeollanam-do",369532.193,240385.4094,,n,,1,24,0,0,," 여수 모텔, 학동 모텔, 리츠 모텔, 여수 리츠 모텔",n,14:00,11:00,07월 20일,08월 11일,,n,n,,,,,,y,n,,24,1,,,n,y,n,y,n,n,n,y,n,y,y,y,n
서울모텔,,전라남도 여수시 무선6길 42-4 (선원동),,,,,n,,0,35,0,0,,,n,0:00,23:59,,,,n,n,,,,,,n,n,,,,,,n,n,n,n,n,n,n,n,y,y,y,y,n
백운모텔,,전라남도 여수시 공화남2길 8-1 (공화동),,,,,n,,0,19,0,0,,,n,0:00,23:59,,,,n,n,,,,,,n,n,,,,,,n,n,n,n,n,n,n,n,y,y,y,y,n
브라보 모텔,,전라남도 여수시 율촌면 여순로 707,"707, Yeosun-ro Yulchon-myeon, Yeosu-si, Jeollanam-do",362849.9733,251490.5292,,n,특 2급,5,32,0,0,,"브라보 모텔,모텔,숙박",n,14:00,11:00,07월 10일,08월 30일,,n,n,,,,,,n,n,,50,10,여수공항,,n,y,y,y,n,n,y,y,y,y,y,y,n
리버모텔,,전라남도 여수시 성산3길 24-7 (화장동),,,,,n,,0,36,0,0,,,n,0:00,23:59,,,,n,n,,,,,,n,n,,,,,,n,n,n,n,n,n,n,n,y,y,y,y,n
다다무인텔,,전라남도 여수시 성산3길 21-17 (화장동),,,,,n,,0,41,0,0,,,n,0:00,23:59,,,,n,n,,,,,,n,n,,,,,,n,n,n,n,n,n,n,n,y,y,y,y,n
뉴낙원모텔,,전라남도 여수시 오동도로 90 (수정동),,,,,n,,0,21,0,0,,,n,0:00,23:59,,,,n,n,,,,,,n,n,,,,,,n,n,n,n,n,n,n,n,y,y,y,y,n
여수 그린게스트,,전라남도 여수시 서교3길 6,"6, Seogyo 3-gil, Yeosu-si, Jeollanam-do",375239.5857,238178.3009,,n,,0,14,0,0,,,n,,,,,,n,n,10%,2017-06-01,2018-05-31,"주말(토요일), 공휴일 전날 성수기(7월 15 ~ 8월 15) 제외",,n,n,,0,0,,,n,n,n,n,n,n,n,n,y,y,y,y,n
거북여관,,전라남도 여수시 거북선공원3길 14-1 (학동),,,,,n,,0,24,0,0,,,n,0:00,23:59,,,,n,n,,,,,,n,n,,,,,,n,n,n,n,n,n,n,n,y,y,y,y,n
하늘보라펜션,,전라남도 여수시 돌산읍 계동로 391,"391, Gyedong-ro Dolsan-eup, Yeosu-si, Jeollanam-do",380310.5739,230180.7345,http://skyv.hosting2003.co.kr,n,,4,7,0,0,,"하늘보라펜션,여수펜션,펜션",n,14:00,11:00,07월 10일,08월 30일,,n,n,20%,2017-06-01,2018-05-31,"주말,공휴일,성수기 제외",,y,n,,10,1,,,n,y,y,y,n,n,n,n,y,y,y,y,y
백야펜션,,전라남도 여수시 화정면 화백길 36,"36, Hwabaek-gil Hwajeong-myeon, Yeosu-si, Jeollanam-do",366510.5335,225118.8647,,n,,2,4,0,0,,"백야도, 백야펜션, 민박",n,14:00,12:00,07월 15일,08월 31일,,n,n,,,,,,y,n,,10,2,,,n,y,y,y,n,n,n,n,y,y,n,n,n
상록수민박,,전라남도 여수시 돌산읍 우두1길 23,"23, Udu 1-gil Dolsan-eup, Yeosu-si, Jeollanam-do",376576.6999,236596.3336,,n,,0,3,0,0,,,n,,,,,,n,n,10%,2017-06-01,2018-05-31,예약시 적용됨,,n,n,,0,0,,,n,n,n,n,n,n,n,n,y,y,y,y,n
머그네펜션,,전라남도 여수시 화양면 이천리,,,,,n,,1,2,0,0,,머그네펜션,n,0:00,23:59,,,,n,n,,,,,,n,n,,,,,,n,n,n,n,n,n,n,n,y,y,y,y,n
적금 어촌체험마을,,전라남도 여수시 화정면 적금리,,,,jeokgeum.seantour.com,n,,4,4,0,0,,"어촌체험, 숙박",n,10:00,12:00,07월 10일,08월 30일,,n,n,,,,,,n,n,,0,0,,,n,y,y,y,n,n,n,n,y,y,y,y,n
쉴만한 들녘(한옥),,전라남도 여수시 돌산읍 둔전길 66-3,"66-3, Dunjeon-gil Dolsan-eup, Yeosu-si, Jeollanam-do",379461.0007,228702.1345,,n,,1,5,0,0,,"민박,한옥,엑스포",n,14:00,11:00,05월 12일,09월 30일,,n,n,,,,,,n,n,,5,0,,,n,n,y,y,n,n,n,n,y,y,y,y,n
소율 어촌체험마을,,전라남도 여수시 돌산읍 율림리,,,,soyul.seantour.com,n,,8,8,0,0,,"어촌체험, 숙박",n,12:00,12:00,06월 01일,08월 01일,,n,n,,,,,,n,n,,0,0,,,n,y,y,y,n,n,n,n,y,y,y,y,n
엑스포사우나,,전라남도 여수시 성산3길 20,"20, Seongsan 3-gil, Yeosu-si, Jeollanam-do",,,,n,,0,0,0,0,,엑스포사우나,n,0:00,23:59,,,,n,n,,,,,,n,n,,,,,,n,n,n,n,n,n,n,n,y,y,y,y,n
유심천(찜질.헬스.사우나),,전라남도 여수시 소라면 안심산길 155,"155, Ansimsan-gil Sora-myeon, Yeosu-si, Jeollanam-do",,,,n,,0,0,0,0,,,n,,,06월 01일,08월 01일,,n,n,,,,,,y,n,,2000,0,,,n,n,n,n,n,n,n,n,y,y,y,y,n
여수스포렉스,,전라남도 여수시 여문2로 183,"183, Yeomun 2-ro, Yeosu-si, Jeollanam-do",,,,n,,0,0,0,0,,여수스포렉스,n,0:00,23:59,,,,n,n,,,,,,n,n,,,,,,n,n,n,n,n,n,n,n,y,y,y,y,n
좌수영사우나,,전라남도 여수시 선원3길 10-21,"10-21, Seonwon 3-gil, Yeosu-si, Jeollanam-do",,,,n,,0,0,0,0,,좌수영사우나,n,0:00,23:59,,,,n,n,,,,,,n,n,,,,,,n,n,n,n,n,n,n,n,y,y,y,y,n
엑스포해수피아,,전라남도 여수시 어항단지로 27,"27, Eohangdanji-ro, Yeosu-si, Jeollanam-do",,,,n,,0,0,0,0,,뉴-백옥사우나,n,,,06월 01일,08월 01일,,n,n,,,,,,y,n,,0,0,,,n,n,n,n,n,n,n,n,y,y,y,y,n
의성마을회관,,전라남도 여수시 삼산면 초도리,,,,,n,,1,2,0,0,,의성마을회관,n,,,06월 01일,08월 01일,,n,n,,,,,,y,n,,0,0,,,n,n,n,y,n,n,n,n,y,y,y,y,n
진막마을회관,,전라남도 여수시 삼산면 초도리,,,,,n,,1,2,0,0,,진막마을회관,n,,,06월 01일,08월 01일,,n,n,,,,,,y,n,,0,0,,,n,n,n,y,n,n,n,n,y,y,y,y,n
적금 마을회관,,전라남도 여수시 화정면 적금리,,,,,n,,1,1,0,0,,적금 마을회관,n,,,06월 01일,08월 01일,,n,n,,,,,,n,n,,0,0,,,n,n,n,y,n,n,n,n,y,y,y,y,n
여자 마을회관,,전라남도 여수시 화정면 여자리,,,,,n,,1,2,0,0,,여자 마을회관,n,,,06월 01일,08월 01일,,n,n,,,,,,n,n,,0,0,,,n,n,n,y,n,n,n,n,y,y,y,y,n
둔병 마을회관,,전라남도여수시 화정면 조발리,,,,,n,,1,2,0,0,,둔병 마을회관,n,,,06월 01일,08월 01일,,n,n,,,,,,y,n,,0,0,,,n,n,n,y,n,n,n,n,y,y,y,y,n
여산 마을회관,,전라남도 여수시 화정면 낭도리,,,,,n,,1,2,0,0,,여산 마을회관,n,,,06월 01일,08월 01일,,n,n,,,,,,y,n,,0,0,,,n,n,n,y,n,n,n,n,y,y,y,y,n
화산 마을회관,,전라남도 여수시 화정면 개도리,,,,,n,,1,1,0,0,,화산 마을회관,n,,,06월 01일,08월 01일,,n,n,,,,,,y,n,,0,0,,,n,n,n,y,n,n,n,n,y,y,y,y,n
제도 마을회관,,전라남도 여수시 화정면 제도리,,,,,n,,1,3,0,0,,제도 마을회관,n,,,06월 01일,08월 01일,,n,n,,,,,,y,n,,0,0,,,n,n,n,y,n,n,n,n,y,y,y,y,n
덕촌 마을회관,,전라남도 여수시 삼산면 덕촌리,,,,,n,,1,1,0,0,,덕촌 마을회관,n,,,06월 01일,08월 01일,,n,n,,,,,,y,n,,0,0,,,n,n,n,y,n,n,n,n,y,y,y,y,n
자봉 마을회관,,전라남도 여수시 화정면 월호리,,,,,n,,1,2,0,0,,자봉 마을회관,n,,,06월 01일,08월 01일,,n,n,,,,,,y,n,,0,0,,,n,n,n,y,n,n,n,n,y,y,y,y,n
월호마을회관,,전라남도 여수시 화정면 월호리,,,,,n,,1,2,0,0,,월호마을회관,n,,,06월 01일,08월 01일,,n,n,,,,,,y,n,,0,0,,,n,n,n,y,n,n,n,n,y,y,y,y,n
월전 마을회관,,전라남도 여수시 남면 화태리,,,,,n,,1,4,0,0,,월전 마을회관,n,,,06월 01일,08월 01일,,n,n,,,,,,y,n,,0,0,,,n,n,n,y,n,n,n,n,y,y,y,y,n
신산1구 마을회관,,전라남도 여수시 율촌면 취적리,,,,,n,,1,3,0,0,,신산1구 마을회관,n,,,06월 01일,08월 01일,,n,n,,,,,,y,n,,2,0,,,n,n,n,y,n,n,n,n,y,y,y,y,n
장지마을회관,,전라남도 여수시 남면 장지해안길 51-3,"51-3, Jangjihaean-gil Nam-myeon, Yeosu-si, Jeollanam-do",,,,n,,1,4,0,0,,장지마을회관,n,,,06월 01일,08월 01일,,n,n,,,,,,y,n,,0,0,,,n,n,n,y,n,n,n,n,y,y,y,y,n
옥적마을회관,,전라남도 여수시 화양면 옥적리,,,,,n,,1,2,0,0,,옥적마을회관,n,,,06월 01일,08월 01일,,n,n,,,,,,y,n,,0,0,,,n,n,n,y,n,n,n,n,y,y,y,y,n
여흥2구마을회관(신정),,전라남도 여수시 율촌면 율촌로 75-1,"75-1, Yulchon-ro Yulchon-myeon, Yeosu-si, Jeollanam-do",,,,n,,1,2,0,0,,여흥2구마을회관(신정),n,,,06월 01일,08월 01일,,n,n,,,,,,y,n,,0,0,,,n,n,n,y,n,n,n,n,y,y,y,y,n
여흥4구 마을회관(하신),,전라남도 여수시 율촌면 조화리,,,,,n,,1,3,0,0,,"여흥4구 마을회관,하신",n,,,06월 01일,08월 01일,,n,n,,,,,,y,n,,2,0,,,n,n,n,y,n,n,n,n,y,y,y,y,n
현천2구(마륜) 마을회관,,전라남도 여수시 소라면 현천리,,,,,n,,1,2,0,0,,현천2구(마륜) 마을회관,n,,,06월 01일,08월 01일,,n,n,,,,,,y,n,,0,0,,,n,n,n,n,n,n,n,n,y,y,y,y,n
죽림(원죽) 마을회관,,전라남도 여수시 소라면 죽림리,,,,,n,,1,2,0,0,,죽림(원죽) 마을회관,n,,,06월 01일,08월 01일,,n,n,,,,,,y,n,,0,0,,,n,n,n,n,n,n,n,n,y,y,y,y,n
여흥2구 마을회관,,전라남도 여수시 율촌면 조화리,,,,,n,,1,1,0,0,,여흥2구 마을회관,n,,,06월 01일,08월 01일,,n,n,,,,,,y,n,,2,0,,,n,n,n,y,n,n,n,n,y,y,y,y,n
오케이민박(OK),,전라남도 여수시 남면 내외진길 9,"9, Naeoejin-gil Nam-myeon, Yeosu-si, Jeollanam-do",378802.6428,212429.9329,blog.naver.com/robin1131,n,,1,4,0,0,,"민박,섬,엑스포,비렁길",n,13:00,12:00,,,,n,n,,,,,,y,n,,5,2,,,n,n,n,y,n,n,n,n,y,y,y,y,n
향일암 템플스테이,,전라남도 여수시 돌산읍 율림리,,,,hyangiram.org,n,,0,0,0,0,,,n,,,06월 01일,08월 01일,,y,n,,,,,,n,n,,0,0,,,n,n,n,n,n,n,n,n,y,y,y,y,n
흥국사 템플스테이,,전라남도 여수시 흥국사길 160,"160, Heungguksa-gil, Yeosu-si, Jeollanam-do",,,www.여수흥국사.kr,n,,5,16,0,0,,"이색체험, 숙박, 흥국사 템플스테이",n,,,06월 01일,08월 01일,,n,n,,,,,,y,n,,0,0,,,n,n,n,y,n,n,n,n,y,y,y,y,n
화이트빌리지펜션,,전라남도 여수시 돌산읍 우두3길 98,"98, Udu 3-gil Dolsan-eup, Yeosu-si, Jeollanam-do",376848.113,235654.9481,www.e-whitevillage.com,n,,1,3,0,0,,"민박,펜션,여수,엑스포",n,14:00,11:00,07월 20일,08월 15일,,n,n,,,,,,y,n,,15,3,,,n,y,n,y,n,n,y,n,y,y,y,y,n
오솔길펜션,,전라남도 여수시 소호12길 43-38,"43-38, Soho 12-gil, Yeosu-si, Jeollanam-do",367291.6556,237210.3944,blog.naver.com/osolgil9480,n,,1,5,0,0,,"펜션,민박,엑스포",n,14:00,11:00,07월 10일,08월 30일,,n,n,,,,,,y,n,,8,0,,,n,n,n,y,n,n,y,n,y,y,y,y,n
소노캄 여수,,전라남도 여수시 오동도로 111,"111, Odongdo-ro, Yeosu-si, Jeollanam-do",,,www.mvlhotel.com,n,1,1,311,0,0,,"관광호텔,숙박,엠블호텔,여수세계박람회장,오동도,소노캄",n,15:00,11:00,,,,y,n,,,,,,y,n,,310,0,,,n,y,y,y,n,n,n,y,y,y,y,y,n
여수경도골프&리조트,,전라남도 여수시 신월로 692,"692, Sinwol-ro, Yeosu-si, Jeollanam-do",,,www.yeosucc.co.kr,n,,1,100,0,0,,"여수경도 골프&리조트,경도,골프",n,14:00,11:00,07월 10일,08월 20일,,n,n,,,,,,y,n,,152,3,,,n,y,y,y,n,n,n,y,y,y,y,y,n
디오션호텔,,전라남도 여수시 소호로 295,"295, Soho-ro, Yeosu-si, Jeollanam-do",,,www.theoceanresort.co.kr/,n,,1,137,0,0,,"관광호텔, 숙박, 디오션호텔, 디오션리조트, 콘도, 여수디오션워터파크",n,14:00,12:00,07월 08일,08월 21일,,y,n,,,,,,y,n,,200,40,,,n,y,y,y,n,n,y,y,y,y,y,y,n
오동재 한옥호텔,,전라남도 여수시 박람회길 61,"61, Bangnamhoe-gil, Yeosu-si, Jeollanam-do",,,odjhotel.co.kr,n,,7,32,0,0,,"관광호텔, 숙박, 오동재한옥호텔",n,14:00,11:00,07월 18일,08월 16일,,y,n,,,,,,y,n,,90,0,,,n,y,y,y,n,n,n,y,y,y,y,y,n
베니키아호텔,,전라남도 여수시 시청서6길 19,"19, Sicheongseo 6-gil, Yeosu-si, Jeollanam-do",,,benikeahotel.co.kr,n,,1,50,0,0,,"관광호텔, 숙박, 베니키아호텔여수",n,15:00,12:00,07월 15일,08월 15일,,y,n,,,,,,y,n,,22,0,,,n,y,y,y,n,n,n,y,y,y,y,y,n
유캐슬 호텔,,전라남도 여수시 소라면 안심산길 155,"155, Ansimsan-gil Sora-myeon, Yeosu-si, Jeollanam-do",,,www.ucastlehotel.co.kr,n,,1,86,0,0,,"관광호텔, 숙박, 유캐슬관광호텔, 유심천",n,15:00,11:00,05월 12일,06월 30일,,y,n,50%,2016-05-31,2017-05-31,,,y,n,,1200,20,,,n,y,y,y,n,n,n,y,y,y,y,y,n
히든베이호텔,,전라남도 여수시 신월로 496-25,"496-25, Sinwol-ro, Yeosu-si, Jeollanam-do",,,www.hiddenbay.co.kr,n,,1,131,0,0,,"관광호텔, 숙박, 히든베이관광호텔",n,15:00,12:00,07월 22일,08월 27일,,n,n,,,,,,y,n,,236,0,,,n,y,n,y,n,n,n,y,y,y,y,y,n
여수와이오션관광호텔,,전라남도 여수시 망양로 20,"20, Mangyang-ro, Yeosu-si, Jeollanam-do",,,www.yoceanhotel.com,n,,0,63,0,0,,"관광호텔, 숙박, 여수와이오션관광호텔",n,15:00,12:00,07월 01일,08월 31일,,y,n,,,,,,y,n,,60,5,,,n,n,n,y,n,n,n,y,y,y,y,y,n
김나미자 민박,,전라남도 여수시 화정면 사도리 148,,,,,n,,0,3,0,0,,,n,14:00,12:00,06월 01일,08월 01일,,n,n,,,,,,n,n,,0,0,,,n,n,n,y,n,n,n,n,y,y,y,y,n
여수 경도수상펜션,,전라남도 여수시 대경도길 2,"2, Daegyeongdo-gil, Yeosu-si, Jeollanam-do",374776.8189,236001.0094,,n,,0,6,0,0,,,n,12:00,11:00,,,,n,n,,,,,,n,n,,0,0,,,n,y,n,y,n,n,n,n,y,y,y,y,n
안도 펜션,,전라남도 여수시 남면 안도해변길 13,"13, Andoan-gil Nam-myeon, Yeosu-si, Jeollanam-do",382084.8497,210086.5923,,n,,1,7,0,0,,"여수,남면 안도리,안도 펜션, 민박, 금오도",n,14:00,11:00,07월 20일,08월 20일,,n,n,,,,,,y,n,,10,2,,,n,y,y,y,n,n,n,n,n,y,n,y,n
강동민박,,전라남도 여수시 삼산면 삼호교길 29,"29, Samhogyo-gil Samsan-myeon, Yeosu-si, Jeollanam-do",,,,n,,1,4,0,0,,"여수,삼산면 거문리,강동민박",n,12:00,12:00,,,,n,n,,,,,,y,n,,0,0,,,n,y,n,y,n,n,n,n,n,y,y,y,n
노을과 바다펜션,,전라남도 여수시 화양면 화서로 173-21,"173-21, Hwaseo-ro Hwayang-myeon, Yeosu-si, Jeollanam-do",,,www.noeulgwabada.com,n,,7,17,0,0,,"여수,화양면 이목리,펜션,노을과 바다 펜션",n,15:00,11:00,07월 20일,08월 17일,,n,n,,,,,,y,n,,20,3,,,n,y,y,y,n,n,n,n,n,y,y,y,n
힐사이드 모텔,,전라남도 여수시 화양면 화양로 1347-1,"1347-1, Hwayang-ro Hwayang-myeon, Yeosu-si, Jeollanam-do",364628.5203,233952.6777,,n,,1,25,0,0,,"여수,화양면 나진리,힐사이드 모텔",n,14:00,12:00,07월 01일,08월 30일,,n,n,,,,,,y,n,,40,10,,,n,y,y,y,n,n,n,y,n,y,y,y,n
나무에 걸린 바다 펜션,,전라남도 여수시 돌산읍 돌산로 666-29,"666-29, Dolsan-ro Dolsan-eup, Yeosu-si, Jeollanam-do",,,www.seaontree.com,n,,1,3,0,0,,"나무에걸린,나무에걸린바다 민박,나무펜션",n,,,07월 15일,08월 15일,,n,n,,,,,,y,n,,8,0,,,n,n,y,y,n,n,n,y,n,y,y,y,n
가고파펜션,,전라남도 여수시 돌산읍 봉수길 52,"52, Bongsu-gil Dolsan-eup, Yeosu-si, Jeollanam-do",,,,n,,1,3,0,0,,"여수,돌산읍 둔전리,들꽃 펜션",n,14:00,11:00,07월 15일,08월 24일,,n,n,10%,2016-05-31,2017-05-31,10인 기준(추가인원 제외),,y,n,,8,0,,,n,n,n,y,n,n,n,y,y,y,y,y,y
바다펜션 민박,,전라남도 여수시 남면 안도해수욕장길 20,"20, Andohaesuyokjang-gil Nam-myeon, Yeosu-si, Jeollanam-do",382324.8447,210214.5004,,n,,2,8,0,0,,,n,,,06월 01일,08월 01일,,y,n,,,,,,y,n,,10,0,,,n,n,n,y,n,n,n,n,n,n,y,n,n
휴양펜션,,전라남도 여수시 돌산읍 향일암로 304,"304, Hyangiram-ro Dolsan-eup, Yeosu-si, Jeollanam-do",381196.5738,222822.4941,,n,,1,1,0,0,,"여수,온돌방,돌산읍 율림리, 휴양펜션",n,14:00,12:00,07월 19일,08월 10일,,n,n,,,,,,y,n,,0,0,,,n,n,y,y,n,n,n,n,n,y,y,y,n
언덕마루모텔,,전라남도 여수시 돌산읍 향일암로 69,"69, Hyangiram-ro Dolsan-eup, Yeosu-si, Jeollanam-do",382183.8787,221859.117,,n,,1,17,0,0,,"여수,돌산읍 율림리,언덕마루모텔",n,14:00,11:00,07월 20일,08월 20일,,n,n,,,,,,y,n,,10,0,,,n,y,y,y,n,n,n,n,n,y,y,y,n
숲속애펜션,,전라남도 여수시 돌산읍 향일암로 533-16,"533-16, Hyangiram-ro Dolsan-eup, Yeosu-si, Jeollanam-do",380568.0532,224132.2745,www.forestloveps.com,n,,3,5,0,0,,"여수,펜션,돌산읍 율림리.",n,14:00,11:00,07월 20일,08월 20일,,n,n,10%,2017-06-01,2018-05-31,"주말, 공휴일, 및 성수기 제외",,y,y,,12,0,,,n,y,n,y,n,n,n,n,n,n,n,n,n
월드파크모텔,,전라남도 여수시 봉산2로 19,"19, Bongsan 2-ro, Yeosu-si, Jeollanam-do",374975.7053,237114.9093,,n,,1,35,0,0,,"여수,월드파크모텔,봉산동,국동어항단지",n,14:00,12:00,07월 01일,08월 30일,,n,n,10%,2016-05-31,2017-05-31,,,y,n,,7,3,,,n,y,y,y,n,n,n,n,n,n,y,n,n
다와모텔,,전라남도 여수시 공화북2길 13,"13, Gonghwabuk 2-gil, Yeosu-si, Jeollanam-do",376581.0678,238642.9246, www.다와모텔.kr,n,,1,18,0,0,,"다와모텔,모텔,숙박",n,16:00,12:00,07월 10일,08월 30일,,n,n,10%,2017-06-01,2018-05-31,소셜 및 이벤트 중복할인 불가,,y,n,,2,0,여수국민연금관리공단,,n,y,y,y,n,n,n,y,y,y,y,y,y
하모니 모텔,,전라남도 여수시 봉산남7길 11-11(봉산동),"11-11, Bongsannam 7-gil, Yeosu-si, Jeollanam-do",374917.7036,237250.3089,,n,,1,30,0,0,,"여수,봉산동,하모니,진남관",n,14:00,12:00,07월 01일,08월 30일,,n,n,,,,,,y,n,,14,3,,,n,y,y,y,n,n,n,n,n,n,n,n,n
다이아 모텔,,전라남도 여수시 교동남1길 6-3,"6-3, Gyodongnam 1-gil, Yeosu-si, Jeollanam-do",,,,n,,0,30,0,0,,"다이아,거문도,백도,맛집.돌산대교",n,12:00,11:00,07월 01일,08월 30일,,n,n,,,,,,y,n,,15,0,,,n,y,n,y,n,n,n,n,n,n,n,n,n
오동도 뷰 펜션,,전라남도 여수시 돌산읍 진목2길 54,"54, Jinmok 2-gil Dolsan-eup, Yeosu-si, Jeollanam-do",378626.5983,235933.6662,www.odongdopension.com/,n,,0,6,0,0,," 오동도,우두리,돌산,가족,뷰 펜션",n,14:00,11:00,06월 01일,08월 01일,,n,n,5%,2016-05-31,2017-05-31,성수기 (7. 23.- 8. 13.) 제외,,y,n,,10,3,,,n,y,y,y,n,n,y,y,n,n,n,n,n
해변민박펜션,,전라남도 여수시 만성리길 33-1,"33-1, Manseongni-gil, Yeosu-si, Jeollanam-do",376793.1212,242144.6996,http://xn--lg3bwb92a80m8t1a2qc.com/,n,,0,4,0,0,,"여수,검은모래,초원 민박,콘도형 민박,모래찜질",n,12:00,12:00,07월 01일,09월 01일,,n,n,10%,2017-06-01,2018-05-31,,,y,n,,10,0,,,n,y,y,y,n,n,n,n,n,n,n,n,n
바다노을펜션,,전라남도 여수시 돌산읍 진모1길 29-40,"29-40, Jinmo 1-gil Dolsan-eup, Yeosu-si, Jeollanam-do",,,www.badanoeul.co.kr,n,,0,10,0,0,,"가막만,바비큐,펜션,가족,연인,커플,단체동",n,15:00,11:00,06월 01일,08월 01일,,n,n,,,,,,y,n,,30,3,,,n,y,y,y,n,n,y,n,n,n,y,y,n
두바이모텔,Dubai Motel,전라남도 여수시 오림4길 55,"55, Orim 4-gil, Yeosu-si, Jeollanam-do",374273.0676,239951.1832,,n,,1,42,0,0,,"여수,오림동,두바이모텔",n,12:00,12:00,05월 01일,08월 30일,,n,n,,,,,,y,n,,25,2,,,n,y,y,y,n,n,y,n,n,y,y,y,n
하얏트모텔,Hyatt Motel,전라남도 여수시 시청동2길 16,"16, Sicheongdong 2-gil, Yeosu-si, Jeollanam-do",369461.101,240176.9022,,n,,1,40,0,0,,"여수,학동,하얏트모텔,숙박",n,12:00,12:00,04월 01일,10월 31일,,n,n,10%,2016-05-31,2017-05-31,,,y,n,,16,0,,,n,y,y,y,n,n,n,y,n,n,n,n,n
컴모텔,COM Motel,전라남도 여수시 선소로 15-4,"15-4, Seonso-ro, Yeosu-si, Jeollanam-do",369388.8023,239956.1087,,n,,1,29,0,0,,"여수,학동,컴모텔",n,12:00,12:00,07월 01일,08월 30일,,n,n,10%,2016-05-31,2017-05-31,,,y,n,,10,0,,,n,y,y,y,n,n,n,y,n,n,n,n,n
아레스모텔,Ares Motel,전라남도 여수시 여문문화2길 10,"10, Yeomunmunhwa 2-gil, Yeosu-si, Jeollanam-do",373224.9774,239634.7662,,n,,1,25,0,0,,"여수,문수동,아레스모텔",n,12:00,12:00,06월 01일,08월 01일,,n,n,,,,,,n,n,,9,0,,,n,y,n,y,n,n,n,y,n,n,n,n,n
아테네모텔,Athens Motel,전라남도 여수시 봉산남7길 5-8,"5-8, Bongsannam 7-gil, Yeosu-si, Jeollanam-do",374884.3079,237234.3048,,n,,1,30,0,0,,"여수,봉산동.아테네모텔",n,12:00,12:00,07월 01일,08월 30일,,n,n,,,,,,y,n,,30,0,,,n,y,y,y,n,n,n,n,n,n,n,n,n
머루장모텔,Meorujang Motel,전라남도 여수시 오림2길 12-6,"12-6, Orim 2-gil, Yeosu-si, Jeollanam-do",374119.9682,239937.5702,,n,,1,20,0,0,,,n,12:00,12:00,07월 01일,08월 30일,,n,n,,,,,,y,n,,4,0,,,n,y,y,y,n,n,n,n,n,n,n,n,n
스카이모텔,Sky Motel,전라남도 여수시 교동남1길 5-5,"5-5, Gyodongnam 1-gil, Yeosu-si, Jeollanam-do",375844.4884,237988.514,,n,,1,30,0,0,,"여수,교동,스카이모텔",n,12:00,12:00,07월 01일,08월 30일,,n,n,,,,,,y,n,,10,0,,,n,y,n,y,n,n,n,n,n,n,n,n,n
보보스모텔,Bobos Motel,전라남도 여수시 돌산읍 강남6길 46,"46, Gangnam 6-gil Dolsan-eup, Yeosu-si, Jeollanam-do",377364.1082,235924.6546,,n,,1,23,0,0,,"여수,돌산읍,보보스모텔",n,16:00,12:00,07월 01일,08월 30일,,n,n,10%,2016-05-31,2017-05-31,주말 및 공휴일 제외,,y,n,,30,4,,,n,y,y,y,n,n,y,y,n,n,y,n,n
젠모텔,Jen Motel,전라남도 여수시 돌산읍 평사리 ,Pyeongsa-ri Dolsan-eup Yeosu-si Jeollanam-do,,,www.zenmotel.co.kr ,n,,1,21,0,0,,"여수,돌산읍 평사리,젠모텔",n,12:00,12:00,07월 01일,08월 30일,,n,n,,,,,,y,n,,16,2,,,n,y,n,y,n,n,y,y,n,n,n,n,n
황진펜션,Hwangjin Pension,전라남도 여수시 만흥3길 25-9,"25-9, Manheung 3-gil, Yeosu-si, Jeollanam-do",376744.224,242128.8944,,n,,1,7,0,0,,"여수,만흥동,펜션,모텔",n,12:00,12:00,06월 20일,08월 10일,,y,n,,,,,,y,n,,10,0,,,n,n,y,y,n,n,n,n,n,n,n,n,n
황태자 모텔,,전라남도 여수시 광무1길 25-4,"25-4, Gwangmu 1-gil, Yeosu-si, Jeollanam-do",375236.9782,238623.9001,,n,,1,17,0,0,,"여수,광무동,황태자 모텔",n,12:00,12:00,07월 01일,08월 30일,,n,n,,,,,,y,n,,5,2,,,n,y,y,y,n,n,n,n,n,n,y,y,n
아이젠모텔,Eisen Motel,전라남도 여수시 봉산남8길 11,"11, Bongsannam 8-gil, Yeosu-si, Jeollanam-do",374824.6049,237102.3104,,n,,1,33,0,0,,,n,13:00,11:00,07월 01일,08월 30일,,n,n,,,,,,y,n,,15,0,,,n,y,y,y,n,n,n,n,n,n,n,n,n
씨에프(C.F)모텔/팬션,Yeosu C.F. Motel,전라남도 여수시 봉산남7길 11-15,"11-15, Bongsannam 7-gil, Yeosu-si, Jeollanam-do",374927.4071,237262.4067,http://blog.naver.com/cf_motel,n,,1,33,0,0,,"여수,봉산동,씨에프모텔",n,12:00,12:00,07월 22일,08월 20일,,n,n,10%,2016-05-31,2017-05-31,주말 및 성수기 제외,,y,n,,30,0,,,n,y,y,y,n,n,n,n,n,n,n,n,n
썬플라워모텔,Sunflower Motel,전라남도 여수시 봉산남6길 11-9,"11-9, Bongsannam 6-gil, Yeosu-si, Jeollanam-do",374977.7044,237354.6047,,n,,1,25,0,0,,"여수,봉산동,썬플라워모텔",n,12:00,12:00,07월 01일,08월 30일,,n,n,20%,2017-06-01,2018-05-31,"주말, 성수기는 제외",,y,n,,15,0,,,n,y,y,y,n,n,n,y,n,n,n,n,n
황토방모텔,Hwangtobang Motel,전라남도 여수시 율촌면 월산리 ,,,,,n,,0,30,0,0,,"여수,율촌면 월산리,황토방모텔",n,,,07월 01일,08월 30일,,n,n,,,,,,n,n,,25,5,,,n,y,n,y,n,n,n,y,n,y,y,y,n
태종모텔,Taejong Motel,전라남도 여수시 학동2길 23,"23, Hakdong 2-gil, Yeosu-si, Jeollanam-do",369533.589,240808.8044,,n,,1,19,0,0,,"여수,학동 쌍봉사거리,태종모텔",n,12:00,12:00,07월 20일,08월 30일,,n,n,,,,,,y,n,,5,0,,,n,y,n,y,n,n,n,n,n,n,n,n,n
리화 모텔,Rihwagak Motel,전라남도 여수시 봉산남7길 17-9 (봉산동),"17-9, Bongsannam 7-gil, Yeosu-si, Jeollanam-do",374956.1996,237205.7113,,n,,1,19,0,0,,"여수,봉산동,리화각모텔",n,12:00,12:00,07월 01일,08월 30일,,n,n,,,,,,y,n,,20,0,,,n,y,y,y,n,n,n,y,n,n,n,n,n
힐모텔,Hill Motel,전라남도 여수시 학동2길 15,"15, Hakdong 2-gil, Yeosu-si, Jeollanam-do",369544.5841,240762.2005,,n,,1,20,0,0,,"여수,학동,힐모텔",n,12:00,12:00,07월 01일,08월 30일,,n,n,,,,,,y,n,,8,2,,,n,y,y,y,n,n,n,y,n,n,n,n,n
코모도모텔,Comodo Motel,전라남도 여수시 여문문화길 69,"69, Yeomunmunhwa-gil, Yeosu-si, Jeollanam-do",372826.0887,239246.7618,blog.naver.com/united9244,n,,1,24,0,0,,"여수,여서동,구봉산,코모도모텔",n,12:00,12:00,07월 01일,08월 30일,,n,n,,,,,,y,n,,40,2,,,n,y,y,y,n,n,n,y,n,n,n,n,n
루비모텔,Ruby Motel,전라남도 여수시 돌산읍 강남6길 48,"48, Gangnam 6-gil Dolsan-eup, Yeosu-si, Jeollanam-do",,,,n,,1,27,0,0,,"여수,돌산읍 우두리,루비 모텔",n,14:00,12:00,05월 01일,08월 30일,,n,n,,,,,,y,n,,27,2,,,n,y,y,y,n,n,y,y,n,n,y,n,n
아일랜드모텔,,전라남도 여수시 시청서5길 26,"26, Sicheongseo 5-gil, Yeosu-si, Jeollanam-do",369029.0043,239902.3062,http://goo.gl/Fyxfz,n,,1,42,0,0,,,n,14:00,12:00,07월 13일,08월 18일,,n,n,,,,,,y,n,,20,1,,,n,y,n,y,n,n,n,y,n,y,y,y,n
신생모텔,Sinsaeng Motel,전라남도 여수시 충무2길 8,"8, Chungmu 2-gil, Yeosu-si, Jeollanam-do",375540.9864,238143.9046,,n,,1,20,0,0,,"여수,충무동,신생모텔",n,12:00,12:00,07월 01일,08월 30일,,n,n,,,,,,y,n,,20,0,,,n,y,n,y,n,n,n,n,n,n,y,n,n
그곳애모텔,Geugose Motel,전라남도 여수시 율촌면 조화길 3,"3, Johwa-gil Yulchon-myeon, Yeosu-si, Jeollanam-do",,,,n,,1,24,0,0,,,n,,,07월 01일,08월 01일,,n,n,,,,,,y,n,,0,0,,,n,y,n,y,n,n,n,n,y,y,y,y,n
오동도펜션,Odongdo Pension,전라남도 여수시 하멜로 78,"78, Hamel-ro, Yeosu-si, Jeollanam-do",,,www.odongdo.org,n,,0,20,0,0,,,n,14:00,11:00,07월 01일,08월 30일,,n,n,30%,2016-05-31,2017-05-31,"토요일, 공휴일 및 성수기 제외",,y,n,,0,0,,,n,y,y,y,n,n,y,n,y,y,y,y,n
모텔-티,,전라남도 여수시 교동남1길 6-12,"6-12, Gyodongnam 1-gil, Yeosu-si, Jeollanam-do",375754.7848,237990.8137,,n,,0,19,0,0,,"여수,교동,모텔티",n,12:00,12:00,07월 01일,08월 30일,,n,n,,,,,,y,n,,0,0,,,n,y,y,y,n,n,n,y,n,n,y,n,n
맨하탄모텔,Manhattan Motel,전라남도 여수시 시청동3길 12-15,"12-15, Sicheongdong 3-gil, Yeosu-si, Jeollanam-do",369509.6976,240084.1051,,n,,1,0,0,0,,,n,,,05월 01일,08월 30일,,n,n,,,,,,y,n,,0,0,,,n,y,n,y,n,n,n,y,y,y,y,y,n
나산각모텔,Nasangak,전라남도 여수시 오림4길 53,"53, Orim 4-gil, Yeosu-si, Jeollanam-do",374252.0682,239961.6803,,n,,1,18,0,0,,,n,,,07월 01일,08월 30일,,n,n,,,,,,y,n,,0,0,,,n,y,n,y,n,n,n,n,n,y,y,y,n
HS관광호텔,HS Tourist Hotel,전라남도 여수시 오동도로 74,"74, Odongdo-ro, Yeosu-si, Jeollanam-do",,,www.hs-hotel.co.kr,n,,0,55,0,0,,"관광호텔, 숙박, HS관광호텔, 장애인 편의 시설",n,15:00,12:00,06월 01일,08월 01일,,y,n,,,,,,y,n,,15,2,,,n,y,y,y,n,n,y,y,n,n,n,n,n
해오름펜션,,전라남도 여수시 돌산읍 계동로 558,"558, Gyedong-ro Dolsan-eup, Yeosu-si, Jeollanam-do",379650.351,231577.7177,www.haeoreumpension.co.kr/,n,,0,20,0,0,,,n,15:00,11:00,07월 20일,08월 20일,,n,n,,,,,,y,n,,0,0,,,n,n,n,y,n,n,n,n,y,y,y,y,n
여수해비치 모텔,Haebichi Motel,전라남도 여수시 시청서6길 5,"5, Sicheongseo 6-gil, Yeosu-si, Jeollanam-do",368843.3113,239845.1966,haebeachmotel.com,n,,1,45,0,0,,"여수,학동,해비치모텔",n,17:00,12:00,07월 15일,08월 20일,,n,n,,,,,,y,n,,28,3,,,n,y,y,y,n,n,n,y,n,y,n,n,n
나르샤관광호텔,Narsha Tourist Hotel,전라남도 여수시 시청서6길 3,"3, Sicheongseo 6-gil, Yeosu-si, Jeollanam-do",,,www.narshahotel.com,n,,1,44,0,0,,"관광호텔, 숙박, 나르샤관광호텔, 장애인 편의 시설",n,14:00,12:00,07월 13일,08월 18일,,y,n,,,,,y,y,n,,0,0,,,n,y,y,y,n,n,n,y,n,y,n,y,n
하늘땅바다펜션,,전라남도 여수시 화정면 화백길 68-34,"68-34, Hwabaek-gil Hwajeong-myeon, Yeosu-si, Jeollanam-do",366083.7421,224898.2616,,n,,1,5,0,0,,"여수,화정면 백야리,하늘땅바다펜션",n,14:00,12:00,06월 01일,08월 01일,,y,n,,,,,,y,n,,10,4,,,n,n,y,y,n,n,y,n,n,y,y,y,n
봉전한옥민박,,전라남도 여수시 율촌면 봉전길 298,"298, Bongjeon-gil Yulchon-myeon, Yeosu-si, Jeollanam-do",,,www.chasungup.com/,n,,1,4,0,0,,"여수,율촌면 봉전리,봉전 한옥민박",n,14:00,12:00,06월 01일,08월 01일,,n,n,,,,,,y,n,,4,0,,,n,y,y,y,n,n,y,y,n,y,n,y,n
별바다 민박,,전라남도 여수시 돌산읍 평사리,,,,blog.daum.net/seastar36,n,,0,2,0,0,,,n,,,06월 01일,08월 01일,,n,n,,,,,,y,n,,,,,,n,n,n,n,n,n,n,n,y,y,y,y,n
여수오동도민박,,전라남도 여수시 돌산읍 진목1길 20-10,"20-10, Jinmok 1-gil Dolsan-eup, Yeosu-si, Jeollanam-do",378452.4969,236218.4648,,n,,0,2,0,0,,여수오동도민박,n,14:00,12:00,07월 10일,08월 20일,,n,n,,,,,,y,n,,0,0,,,n,n,n,y,n,n,n,n,n,y,n,n,n
오션파크,Ocean Park,전라남도 여수시 공화남2길 16-1,"16-1, Gonghwanam 2-gil, Yeosu-si, Jeollanam-do",376644.173,238567.6222,,n,,0,20,0,0,,,n,14:00,11:00,07월 01일,08월 30일,,n,n,,,,,,n,n,,0,0,,,n,y,y,y,n,n,n,y,y,y,y,y,n
허브파크,,전라남도 여수시 오동도로 5,"5, Odongdo-ro, Yeosu-si, Jeollanam-do",376745.6667,238707.2207,www.hubpark.net/,n,,0,25,0,0,,,n,13:00,12:00,07월 15일,08월 30일,,n,n,,,,,,y,n,,0,0,,,n,y,y,y,n,n,n,n,y,y,y,y,n
힐하우스호텔(일반호텔),Hillhouse Motel,전라남도 여수시 시청서6길 11,"11, Sicheongseo 6-gil, Yeosu-si, Jeollanam-do",368907.202,239849.8054,hillhouseys.com,n,,1,44,0,0,,힐하우스 호텔,n,16:00,11:00,07월 02일,07월 21일,,f,n,,,,,y,y,n,,40,3,"호텔전용주차장, 공용주차장",,n,y,y,y,n,n,n,y,n,n,n,n,n
라스베가스모텔, Las Vegas Motel,전라남도 여수시 충무3길 3,"3, Chungmu 3-gil, Yeosu-si, Jeollanam-do",375570.3824,238158.8125,,n,,1,32,0,0,,"여수,충무동,라스베가스모텔",n,13:00,14:00,07월 22일,08월 20일,,n,n,10%,2016-05-31,2017-05-31,주말 및 성수기 제외,,y,n,,11,0,,,n,y,y,y,n,n,n,n,n,n,y,n,n
GS모텔,,전라남도 여수시 여문1로 43-7,"43-7, Yeomun 1-ro, Yeosu-si, Jeollanam-do",,,,n,,0,30,0,0,,,n,14:00,12:00,07월 01일,08월 30일,,n,n,,,,,,y,n,,0,0,,,n,y,y,y,n,n,n,n,y,y,y,y,n
자이모텔,,전라남도 여수시 시청서6길 15,"15, Sicheongseo 6-gil, Yeosu-si, Jeollanam-do",368949.1098,239859.403,www.ximotel.co.kr,n,,1,48,0,0,,"학동, 선소, 숙박, 자이모텔",n,15:00,11:00,06월 15일,08월 30일,,n,n,,,,,,y,n,,50,10,,,n,y,y,y,n,n,n,y,y,y,y,y,n
굿모닝모텔,Good Morning Motel ,전라남도 여수시 시청동3길 30-6,"30-6, Sicheongdong 3-gil, Yeosu-si, Jeollanam-do",,,,n,,1,32,0,0,,"여수,굿모닝모텔",n,12:00,12:00,07월 01일,08월 30일,,n,n,,,,,,y,n,,13,2,,,n,y,y,y,n,n,n,y,n,n,y,n,n
향일암 전망대 펜션,,전라남도 여수시 돌산읍 향일암로 423,"423, Hyangiram-ro Dolsan-eup, Yeosu-si, Jeollanam-do",380915.9595,223486.6818,blog.naver.com/woowooring58,n,,1,6,0,0,,"여수,펜션,전망대 펜션",n,14:00,12:00,06월 01일,08월 01일,,y,n,20%,2017-06-01,2018-05-31,"주말,공휴일,성수기 제외",,y,n,,6,0,,,n,y,y,y,n,n,n,n,n,n,y,y,n
한영민박,,전라남도 여수시 남면 두모리,,,,,n,,0,3,0,0,,,n,,,06월 01일,08월 01일,,n,n,,,,,,n,n,,,,,,n,n,n,n,n,n,n,n,y,y,y,y,n
부성민박,,전라남도 여수시 남면 심장리,,,,,n,,0,2,0,0,,,n,,,06월 01일,08월 01일,,n,n,,,,,,n,n,,,,,,n,n,n,n,n,n,n,n,y,y,y,y,n
승호민박,,전라남도 여수시 남면 안도리,,,,,n,,0,2,0,0,,,n,,,06월 01일,08월 01일,,n,n,,,,,,n,n,,,,,,n,n,n,n,n,n,n,n,y,y,y,y,n
정기민박,,전라남도 여수시 남면 유송리,,,,,n,,0,2,0,0,,,n,,,06월 01일,08월 01일,,n,n,,,,,,n,n,,,,,,n,n,n,n,n,n,n,n,y,y,y,y,n
섬민박,,전라남도 여수시 남면 안도리,,,,,n,,0,2,0,0,,,n,,,06월 01일,08월 01일,,n,n,,,,,,n,n,,,,,,n,n,n,n,n,n,n,n,y,y,y,y,n
등촌민박,,전라남도 여수시 남면 두모리,,,,,n,,0,2,0,0,,,n,,,06월 01일,08월 01일,,n,n,,,,,,n,n,,,,,,n,n,n,n,n,n,n,n,y,y,y,y,n
서고지민박,,전라남도 여수시 남면 안도리,,,,,n,,0,4,0,0,,,n,,,06월 01일,08월 01일,,n,n,,,,,,n,n,,,,,,n,n,n,n,n,n,n,n,y,y,y,y,n
화태민박,,전라남도 여수시 남면 화태리,,,,,n,,0,2,0,0,,,n,,,06월 01일,08월 01일,,n,n,,,,,,n,n,,,,,,n,n,n,n,n,n,n,n,y,y,y,y,n
섬마을민박,,전라남도 여수시 남면 안도리,,,,,n,,0,2,0,0,,,n,,,06월 01일,08월 01일,,n,n,,,,,,n,n,,,,,,n,n,n,n,n,n,n,n,y,y,y,y,n
이슬민박,,전라남도 여수시 남면 우학리,,,,,n,,0,3,0,0,,,n,,,06월 01일,08월 01일,,n,n,,,,,,n,n,,,,,,n,n,n,n,n,n,n,n,y,y,y,y,n
다도해민박,,전라남도 여수시 남면 두모리,,,,,n,,0,3,0,0,,,n,,,06월 01일,08월 01일,,n,n,,,,,,n,n,,,,,,n,n,n,n,n,n,n,n,y,y,y,y,n
함구미민박,,전라남도 여수시 남면 유송리,,,,,n,,1,2,0,0,,,n,,,06월 01일,08월 01일,,n,n,,,,,,y,n,,10,3,,,n,y,n,y,n,n,n,n,n,n,y,y,n
준국민박,,전라남도 여수시 남면 우학리,,,,,n,,0,2,0,0,,,n,,,06월 01일,08월 01일,,n,n,,,,,,n,n,,,,,,n,n,n,n,n,n,n,n,y,y,y,y,n
심포민박,,전라남도 여수시 남면 심장리,,,,,n,,0,2,0,0,,,n,,,06월 01일,08월 01일,,n,n,,,,,,n,n,,,,,,n,n,n,n,n,n,n,n,y,y,y,y,n
산장민박,,전라남도 여수시 남면 두모리,,,,,n,,0,2,0,0,,,n,,,06월 01일,08월 01일,,n,n,,,,,,n,n,,,,,,n,n,n,n,n,n,n,n,y,y,y,y,n
일번지민박,,전라남도 여수시 남면 안도리,,,,,n,,0,2,0,0,,,n,,,06월 01일,08월 01일,,n,n,,,,,,n,n,,,,,,n,n,n,n,n,n,n,n,y,y,y,y,n
안골민박,,전라남도 여수시 남면 우학리,,,,,n,,0,4,0,0,,,n,,,06월 01일,08월 01일,,n,n,,,,,,n,n,,,,,,n,n,n,n,n,n,n,n,y,y,y,y,n
열린민박,,전라남도 여수시 남면 직포길 13,"13, Jikpo-gil Nam-myeon, Yeosu-si, Jeollanam-do",376459.5525,212425.7981,,n,,1,6,0,0,,"여수,금오도,남면 두모리,직포,열린민박",n,14:00,12:00,06월 01일,08월 01일,,y,n,,,,,,y,n,,0,0,,,n,n,n,y,n,n,y,n,n,n,n,n,n
대전민박,,전라남도 여수시 남면 심장리,,,,,n,,0,3,0,0,,,n,,,06월 01일,08월 01일,,n,n,,,,,,n,n,,,,,,n,n,n,n,n,n,n,n,y,y,y,y,n
제일민박,,전라남도 여수시 남면 연도리,,,,,n,,0,3,0,0,,,n,,,06월 01일,08월 01일,,n,n,,,,,,n,n,,,,,,n,n,n,n,n,n,n,n,y,y,y,y,n
오케민박,,전라남도 여수시 남면 우학리,,,,,n,,0,3,0,0,,,n,,,06월 01일,08월 01일,,n,n,,,,,,n,n,,,,,,n,n,n,n,n,n,n,n,y,y,y,y,n
광조민박,,전라남도 여수시 남면 두모리,,,,,n,,0,2,0,0,,,n,,,06월 01일,08월 01일,,n,n,,,,,,n,n,,,,,,n,n,n,n,n,n,n,n,y,y,y,y,n
백송민박,,전라남도 여수시 남면 안도안길 18,"18, Andoan-gil Nam-myeon, Yeosu-si, Jeollanam-do",382158.9485,209985.7993,,n,,1,5,0,0,,,n,,,06월 01일,08월 01일,,n,n,,,,,,n,n,,0,0,,,n,y,n,y,n,n,n,n,n,n,y,n,n
역포민박,,전라남도 여수시 남면 배비길 18,"18, Baebi-gil Nam-myeon, Yeosu-si, Jeollanam-do",381997.2123,206010.2269,,n,,0,5,0,0,,,n,,,06월 01일,08월 01일,,y,n,,,,,,n,n,,0,0,,,n,n,n,y,n,n,n,n,y,y,y,y,n
정든민박,,전라남도 여수시 남면 두모리,,,,,n,,0,2,0,0,,,n,,,06월 01일,08월 01일,,n,n,,,,,,n,n,,,,,,n,n,n,n,n,n,n,n,y,y,y,y,n
냉수동민박,,전라남도 여수시 남면 우학리,,,,,n,,0,2,0,0,,,n,,,06월 01일,08월 01일,,n,n,,,,,,n,n,,,,,,n,n,n,n,n,n,n,n,y,y,y,y,n
은혜민박,,전라남도 여수시 남면 우학리,,,,,n,,0,2,0,0,,,n,,,06월 01일,08월 01일,,n,n,,,,,,n,n,,,,,,n,n,n,n,n,n,n,n,y,y,y,y,n
초포민박,,전라남도 여수시 남면 두모리,,,,,n,,0,3,0,0,,,n,,,06월 01일,08월 01일,,n,n,,,,,,n,n,,,,,,n,n,n,n,n,n,n,n,y,y,y,y,n
연도민박,,전라남도 여수시 남면 연도리,,,,,n,,0,4,0,0,,,n,,,06월 01일,08월 01일,,n,n,,,,,,n,n,,,,,,n,n,n,n,n,n,n,n,y,y,y,y,n
소리도민박,,전라남도 여수시 남면 연도리,,,,,n,,0,5,0,0,,,n,,,06월 01일,08월 01일,,n,n,,,,,,n,n,,,,,,n,n,n,n,n,n,n,n,y,y,y,y,n
해녀민박,,전라남도 여수시 남면 연도리,,,,,n,,0,4,0,0,,,n,,,06월 01일,08월 01일,,n,n,,,,,,n,n,,,,,,n,n,n,n,n,n,n,n,y,y,y,y,n
해변민박,,전라남도 여수시 남면 연도리,,,,,n,,0,2,0,0,,,n,,,06월 01일,08월 01일,,n,n,,,,,,n,n,,,,,,n,n,n,n,n,n,n,n,y,y,y,y,n
진작지민박,,전라남도 여수시 남면 심장리,,,,,n,,0,3,0,0,,,n,,,06월 01일,08월 01일,,n,n,,,,,,n,n,,,,,,n,n,n,n,n,n,n,n,y,y,y,y,n
상록수민박,,전라남도 여수시 남면 우학리,,,,,n,,0,6,0,0,,,n,,,06월 01일,08월 01일,,n,n,,,,,,n,n,,,,,,n,n,n,n,n,n,n,n,y,y,y,y,n
대부산민박,,전라남도 여수시 남면 유송리,,,,,n,,0,3,0,0,,,n,,,06월 01일,08월 01일,,n,n,,,,,,n,n,,,,,,n,n,n,n,n,n,n,n,y,y,y,y,n
여남민박,,전라남도 여수시 남면 우학리,,,,,n,,0,2,0,0,,,n,,,06월 01일,08월 01일,,n,n,,,,,,n,n,,,,,,n,n,n,n,n,n,n,n,y,y,y,y,n
섬마을민박,,전라남도 여수시 남면 용머리길 25,"25, Yongmeori-gil Nam-myeon, Yeosu-si, Jeollanam-do",373534.5275,215555.7356,,n,,1,4,0,0,,,n,14:00,11:00,06월 01일,08월 01일,,y,n,,,,,,y,n,,0,0,,,n,y,n,y,n,n,y,n,n,y,y,n,n
정순민박,,전라남도 여수시 남면 두모리,,,,,n,,0,4,0,0,,,n,,,06월 01일,08월 01일,,n,n,,,,,,n,n,,,,,,n,n,n,n,n,n,n,n,y,y,y,y,n
해변민박,,전라남도 여수시 남면 두모리,,,,,n,,0,2,0,0,,,n,,,06월 01일,08월 01일,,n,n,,,,,,n,n,,,,,,n,n,n,n,n,n,n,n,y,y,y,y,n
자갈밭민박,,전라남도 여수시 남면 두모리,,,,,n,,0,2,0,0,,,n,,,06월 01일,08월 01일,,n,n,,,,,,n,n,,,,,,n,n,n,n,n,n,n,n,y,y,y,y,n
상봉이민박,,전라남도 여수시 남면 두모리,,,,,n,,0,2,0,0,,,n,,,06월 01일,08월 01일,,n,n,,,,,,n,n,,,,,,n,n,n,n,n,n,n,n,y,y,y,y,n
보대민박,,전라남도 여수시 남면 우두로 219,"219, Udu-ro Nam-myeon, Yeosu-si, Jeollanam-do",376496.0565,212293.7968,,n,,2,5,0,0,,"보대민박, 민박, 남면, 금오도, 두모리",n,14:00,11:00,07월 20일,08월 20일,,n,n,,,,,,y,n,,5,1,,,n,n,y,y,n,n,n,n,y,y,n,y,n
소망민박,,전라남도 여수시 남면 두모리,,,,,n,,0,4,0,0,,,n,,,06월 01일,08월 01일,,n,n,,,,,,n,n,,,,,,n,n,n,n,n,n,n,n,y,y,y,y,n
소나무민박,,전라남도 여수시 남면 두모리,,,,,n,,0,2,0,0,,,n,,,06월 01일,08월 01일,,n,n,,,,,,n,n,,,,,,n,n,n,n,n,n,n,n,y,y,y,y,n
해송민박,,전라남도 여수시 남면 두모리,,,,,n,,0,2,0,0,,,n,,,06월 01일,08월 01일,,n,n,,,,,,n,n,,,,,,n,n,n,n,n,n,n,n,y,y,y,y,n
친절민박,,전라남도 여수시 남면 두모리,,,,,n,,0,3,0,0,,,n,,,06월 01일,08월 01일,,n,n,,,,,,n,n,,,,,,n,n,n,n,n,n,n,n,y,y,y,y,n
안도모텔,,전라남도 여수시 남면 안도해변길 25,"25, Andoan-gil Nam-myeon, Yeosu-si, Jeollanam-do",382069.8521,210020.5012,,y,,1,6,0,0,,"안도모텔, 민박, 금오도, 안도리",n,14:00,10:00,07월 25일,08월 25일,,n,n,,,,,,y,n,,10,2,,,n,y,y,y,n,n,n,n,n,y,y,n,n
돌다리민박,,전라남도 여수시 남면 안도해변길 49-1,"49-1, Andoan-gil Nam-myeon, Yeosu-si, Jeollanam-do",382288.1551,209946.4959,,n,,0,3,0,0,,,n,,,06월 01일,08월 01일,,n,n,,,,,,y,n,,0,0,,,n,n,n,y,n,n,n,n,y,y,y,y,n
황금민박,,전라남도 여수시 남면 안도리,,,,,n,,0,5,0,0,,,n,,,06월 01일,08월 01일,,n,n,,,,,,n,n,,,,,,n,n,n,n,n,n,n,n,y,y,y,y,n
해변민박,,전라남도 여수시 남면 안도리,,,,,n,,0,3,0,0,,,n,,,06월 01일,08월 01일,,n,n,,,,,,n,n,,,,,,n,n,n,n,n,n,n,n,y,y,y,y,n
해오름민박,,전라남도 여수시 남면 두모리,,,,,n,,0,2,0,0,,,n,,,06월 01일,08월 01일,,n,n,,,,,,n,n,,,,,,n,n,n,n,n,n,n,n,y,y,y,y,n
잎세민박,,전라남도 여수시 화양면 안포리,,,,,n,,0,5,0,0,,,n,,,06월 01일,08월 01일,,n,n,,,,,,n,n,,,,,,n,n,n,n,n,n,n,n,y,y,y,y,n
토방마루,,전라남도 여수시 화양면 장수로 408-5,"408-5, Jangsu-ro Hwayang-myeon, Yeosu-si, Jeollanam-do",,,tobang.namdominbak.go.kr,n,,2,3,0,0,,"민박, 토방마루민박",n,14:00,11:00,06월 01일,08월 31일,,n,n,,,,,,y,n,,4,0,,,n,n,y,y,n,n,n,n,n,n,n,y,n
삼거리민박,,전라남도 여수시 화양면 화동리,,,,,n,,0,2,0,0,,,n,,,06월 01일,08월 01일,,n,n,,,,,,n,n,,,,,,n,n,n,n,n,n,n,n,y,y,y,y,n
천경민박,,전라남도 여수시 화양면 안포리,,,,,n,,0,1,0,0,,,n,,,06월 01일,08월 01일,,n,n,,,,,,n,n,,,,,,n,n,n,n,n,n,n,n,y,y,y,y,n
장등해변민박,,전라남도 여수시 화양면 장수리,,,,,n,,0,0,0,0,,,n,0:00,23:59,,,,n,n,,,,,,n,n,,,,,,n,n,n,n,n,n,n,n,y,y,y,y,n
하얀집민박,,전라남도 여수시 화양면 장수리,,,,,n,,0,4,0,0,,,n,,,06월 01일,08월 01일,,n,n,,,,,,n,n,,,,,,n,n,n,n,n,n,n,n,y,y,y,y,n
장수슈퍼민박,,전라남도 여수시 화양면 장수리,,,,,n,,0,5,0,0,,,n,,,06월 01일,08월 01일,,n,n,,,,,,n,n,,,,,,n,n,n,n,n,n,n,n,y,y,y,y,n
해동민박,,전라남도 여수시 화양면 안포리,,,,,n,,0,2,0,0,,,n,,,06월 01일,08월 01일,,n,n,,,,,,n,n,,,,,,n,n,n,n,n,n,n,n,y,y,y,y,n
제용필민박,,전라남도 여수시 화정면 적금리,,,,,n,,0,2,0,0,,,n,,,06월 01일,08월 01일,,n,n,,,,,,n,n,,,,,,n,n,n,n,n,n,n,n,y,y,y,y,n
조상호민박,,전라남도 여수시 화정면 적금리,,,,,n,,0,3,0,0,,,n,,,06월 01일,08월 01일,,n,n,,,,,,n,n,,,,,,n,n,n,n,n,n,n,n,y,y,y,y,n
신영동민박,,전라남도 여수시 화정면 적금리,,,,,n,,0,3,0,0,,,n,,,06월 01일,08월 01일,,n,n,,,,,,n,n,,,,,,n,n,n,n,n,n,n,n,y,y,y,y,n
경아민박,,전라남도 여수시 화정면 낭도리,,,,,n,,0,2,0,0,,,n,,,06월 01일,08월 01일,,n,n,,,,,,n,n,,,,,,n,n,n,n,n,n,n,n,y,y,y,y,n
신매자민박,,전라남도 여수시 화정면 낭도리,,,,,n,,0,4,0,0,,,n,,,06월 01일,08월 01일,,n,n,,,,,,n,n,,,,,,n,n,n,n,n,n,n,n,y,y,y,y,n
사도 식당 민박,,전라남도 여수시 화정면 사도길 22-1,"22-1, Sado-gil Hwajeong-myeon, Yeosu-si, Jeollanam-do",359434.8403,221574.8893,,n,,0,3,0,0,,"여수, 사도, 사도 식당 민박",n,14:00,12:00,06월 01일,08월 01일,,y,n,,,,,,n,n,,0,0,,,n,n,n,y,n,n,n,n,n,y,y,n,n
박송자민박,,전라남도 여수시 화정면 낭도리,,,,,n,,0,3,0,0,,,n,,,06월 01일,08월 01일,,n,n,,,,,,n,n,,,,,,n,n,n,n,n,n,n,n,y,y,y,y,n
포도나무집민박,,전라남도 여수시 화정면 낭도리,,,,,n,,0,6,0,0,,,n,,,06월 01일,08월 01일,,n,n,,,,,,n,n,,,,,,n,n,n,n,n,n,n,n,y,y,y,y,n
영주네민박,,전라남도 여수시 화정면 낭도리,,,,,n,,0,3,0,0,,,n,,,06월 01일,08월 01일,,n,n,,,,,,n,n,,,,,,n,n,n,n,n,n,n,n,y,y,y,y,n
고찬심민박,,전라남도 여수시 화정면 낭도리,,,,,n,,0,3,0,0,,,n,,,06월 01일,08월 01일,,n,n,,,,,,n,n,,,,,,n,n,n,n,n,n,n,n,y,y,y,y,n
땅이네민박,,전라남도 여수시 화정면 낭도리,,,,,n,,0,5,0,0,,"여수, 민박, 땅이네 민박",n,14:00,12:00,06월 01일,08월 01일,,y,n,,,,,,n,n,,0,0,,,n,n,n,y,n,n,n,n,n,y,y,n,n
우리동네민박,,전라남도 여수시 화정면 낭도리,,,,,n,,0,2,0,0,,,n,,,06월 01일,08월 01일,,n,n,,,,,,n,n,,,,,,n,n,n,n,n,n,n,n,y,y,y,y,n
김도심민박,,전라남도 여수시 화정면 낭도리,,,,,n,,0,2,0,0,,,n,,,06월 01일,08월 01일,,n,n,,,,,,n,n,,,,,,n,n,n,n,n,n,n,n,y,y,y,y,n
안나네민박,,전라남도 여수시 화정면 낭도리,,,,,n,,0,3,0,0,,,n,,,06월 01일,08월 01일,,n,n,,,,,,n,n,,,,,,n,n,n,n,n,n,n,n,y,y,y,y,n
모래섬한옥민박,,전라남도 여수시 화정면 낭도리,,,,www.sadosaurs.com/ ,n,,0,3,0,0,,,n,,,06월 01일,08월 01일,,n,n,,,,,,n,n,,,,,,n,n,n,n,n,n,n,n,y,y,y,y,n
사도한옥민박,,전라남도여수시 화정면 낭도리,,,,,n,,0,3,0,0,,,n,,,06월 01일,08월 01일,,n,n,,,,,,n,n,,,,,,n,n,n,n,n,n,n,n,y,y,y,y,n
박재순민박,,전라남도 여수시 화정면 백야리,,,,,n,,0,4,0,0,,,n,,,06월 01일,08월 01일,,n,n,,,,,,n,n,,,,,,n,n,n,n,n,n,n,n,y,y,y,y,n
김재철민박,,전라남도 여수시 화정면 백야리,,,,,n,,0,3,0,0,,,n,,,06월 01일,08월 01일,,n,n,,,,,,n,n,,,,,,n,n,n,n,n,n,n,n,y,y,y,y,n
고두석민박,,전라남도 여수시 화정면 백야리,,,,,n,,0,4,0,0,,,n,,,06월 01일,08월 01일,,n,n,,,,,,n,n,,,,,,n,n,n,n,n,n,n,n,y,y,y,y,n
김기순민박,,전라남도 여수시 화정면 백야리,,,,,n,,0,2,0,0,,,n,,,06월 01일,08월 01일,,n,n,,,,,,n,n,,,,,,n,n,n,n,n,n,n,n,y,y,y,y,n
최춘구민박,,전라남도 여수시 화정면 여자리,,,,,n,,0,3,0,0,,,n,,,06월 01일,08월 01일,,n,n,,,,,,n,n,,,,,,n,n,n,n,n,n,n,n,y,y,y,y,n
김영진민박,,전라남도 여수시 화정면 여자리,,,,,n,,0,2,0,0,,,n,,,06월 01일,08월 01일,,n,n,,,,,,n,n,,,,,,n,n,n,n,n,n,n,n,y,y,y,y,n
제일민박,,전라남도 여수시 삼산면 거문리,,,,,n,,0,3,0,0,,,n,,,06월 01일,08월 01일,,n,n,,,,,,n,n,,,,,,n,n,n,n,n,n,n,n,y,y,y,y,n
쉬고가는민박,,전라남도 여수시 삼산면 거문리,,,,,n,,0,4,0,0,,,n,,,06월 01일,08월 01일,,n,n,,,,,,n,n,,,,,,n,n,n,n,n,n,n,n,y,y,y,y,n
터미널민박,,전라남도 여수시 삼산면 거문길 100,"100, Geomun-gil Samsan-myeon, Yeosu-si, Jeollanam-do",336419.6036,159165.3773,,n,,0,7,0,0,,,n,,,,,,n,n,,,,,,n,n,,0,0,,,n,n,n,y,n,n,n,n,y,y,y,y,n
풍난민박,,전라남도 여수시 삼산면 거문리,,,,,n,,0,4,0,0,,,n,,,06월 01일,08월 01일,,n,n,,,,,,n,n,,,,,,n,n,n,n,n,n,n,n,y,y,y,y,n
남산민박,,전라남도 여수시 삼산면 거문리,,,,,n,,0,3,0,0,,,n,,,06월 01일,08월 01일,,n,n,,,,,,n,n,,,,,,n,n,n,n,n,n,n,n,y,y,y,y,n
엑스포민박,,전라남도 여수시 삼산면 거문리,,,,,n,,0,5,0,0,,,n,,,06월 01일,08월 01일,,n,n,,,,,,n,n,,,,,,n,n,n,n,n,n,n,n,y,y,y,y,n
다도해민박,,전라남도 여수시 삼산면 거문리,,,,,n,,0,2,0,0,,,n,,,06월 01일,08월 01일,,n,n,,,,,,n,n,,,,,,n,n,n,n,n,n,n,n,y,y,y,y,n
삼도민박,,전라남도 여수시 삼산면 거문리,,,,,n,,0,3,0,0,,,n,,,06월 01일,08월 01일,,n,n,,,,,,n,n,,,,,,n,n,n,n,n,n,n,n,y,y,y,y,n
삼호민박,,전라남도 여수시 삼산면 거문리,,,,,n,,0,3,0,0,,,n,,,06월 01일,08월 01일,,n,n,,,,,,n,n,,,,,,n,n,n,n,n,n,n,n,y,y,y,y,n
아름이네민박,,전라남도 여수시 삼산면 거문리,,,,,n,,0,0,0,0,,,n,0:00,23:59,,,,n,n,,,,,,n,n,,,,,,n,n,n,n,n,n,n,n,y,y,y,y,n
이례민박,,전라남도 여수시 삼산면 거문리,,,,,n,,0,0,0,0,,,n,0:00,23:59,,,,n,n,,,,,,n,n,,,,,,n,n,n,n,n,n,n,n,y,y,y,y,n
거문도 고도민박,,전라남도 여수시 삼산면 거문길 82,"82, Geomun-gil Samsan-myeon, Yeosu-si, Jeollanam-do",,,godoinn.com,n,,1,7,0,0,,"거문도 숙박, 고도민박",n,11:00,10:00,07월 15일,08월 15일,,n,n,,,,,,y,n,,5,1,,,n,y,y,y,n,n,n,n,n,y,y,y,n
낙원민박,,전라남도 여수시 삼산면 거문리,,,,,n,,0,0,0,0,,,n,0:00,23:59,,,,n,n,,,,,,n,n,,,,,,n,n,n,n,n,n,n,n,y,y,y,y,n
가리비민박,,전라남도 여수시 삼산면 거문리,,,,www.garibihouse.com/,n,,0,0,0,0,,,n,,,06월 01일,08월 01일,,n,n,,,,,,n,n,,0,0,,,n,n,n,n,n,n,n,n,y,y,y,y,n
관광민박,,전라남도 여수시 삼산면 덕촌리,,,,,n,,0,0,0,0,,,n,0:00,23:59,,,,n,n,,,,,,n,n,,,,,,n,n,n,n,n,n,n,n,y,y,y,y,n
우정민박,,전라남도 여수시 삼산면 덕촌리,,,,,n,,0,0,0,0,,,n,0:00,23:59,,,,n,n,,,,,,n,n,,,,,,n,n,n,n,n,n,n,n,y,y,y,y,n
서포민박,,전라남도 여수시 삼산면 덕촌리,,,,,n,,0,0,0,0,,,n,0:00,23:59,,,,n,n,,,,,,n,n,,,,,,n,n,n,n,n,n,n,n,y,y,y,y,n
덕성민박,,전라남도 여수시 삼산면 덕촌리,,,,,n,,0,4,0,0,,,n,,,06월 01일,08월 01일,,n,n,,,,,,n,n,,,,,,n,n,n,n,n,n,n,n,y,y,y,y,n
대인민박,,전라남도 여수시 삼산면 서도리,,,,,n,,0,3,0,0,,,n,,,06월 01일,08월 01일,,n,n,,,,,,n,n,,,,,,n,n,n,n,n,n,n,n,y,y,y,y,n
변촌민박,,전라남도 여수시 삼산면 서도리,,,,,n,,0,2,0,0,,,n,,,06월 01일,08월 01일,,n,n,,,,,,n,n,,,,,,n,n,n,n,n,n,n,n,y,y,y,y,n
은진민박,,전라남도 여수시 삼산면 서도리,,,,,n,,0,3,0,0,,,n,,,06월 01일,08월 01일,,n,n,,,,,,n,n,,,,,,n,n,n,n,n,n,n,n,y,y,y,y,n
녹산민박,,전라남도 여수시 삼산면 서도리,,,,,n,,0,4,0,0,,,n,,,06월 01일,08월 01일,,n,n,,,,,,n,n,,,,,,n,n,n,n,n,n,n,n,y,y,y,y,n
현이네민박,,전라남도 여수시 삼산면 서도리,,,,,n,,0,0,0,0,,,n,0:00,23:59,,,,n,n,,,,,,n,n,,,,,,n,n,n,n,n,n,n,n,y,y,y,y,n
희망민박,,전라남도 여수시 삼산면 동도리,,,,,n,,0,3,0,0,,,n,,,06월 01일,08월 01일,,n,n,,,,,,n,n,,,,,,n,n,n,n,n,n,n,n,y,y,y,y,n
하얀집민박,,전라남도 여수시 삼산면 동도리,,,,,n,,0,2,0,0,,,n,,,06월 01일,08월 01일,,n,n,,,,,,n,n,,,,,,n,n,n,n,n,n,n,n,y,y,y,y,n
카프아일랜드펜션,,전라남도 여수시 망양로 192,"192, Mangyang-ro, Yeosu-si, Jeollanam-do",377053.6222,241616.7081,www.carpisland.co.kr/,n,,0,7,0,0,,,n,14:00,12:00,06월 01일,08월 01일,,n,n,,,,,,y,n,,13,2,,,n,n,n,y,n,n,n,n,y,y,y,y,n
섬민박,,전라남도 여수시 남면 연도리,,,,,n,,0,3,0,0,,,n,,,06월 01일,08월 01일,,n,n,,,,,,n,n,,,,,,n,n,n,n,n,n,n,n,y,y,y,y,n
태공민박,,전라남도 여수시 남면 연도리,,,,,n,,0,4,0,0,,,n,,,06월 01일,08월 01일,,n,n,,,,,,n,n,,,,,,n,n,n,n,n,n,n,n,y,y,y,y,n
차돌민박,,전라남도 여수시 남면 유송리,,,,,n,,0,2,0,0,,,n,,,06월 01일,08월 01일,,n,n,,,,,,n,n,,,,,,n,n,n,n,n,n,n,n,y,y,y,y,n
남송민박,,전라남도 여수시 남면 유송리,,,,,n,,0,3,0,0,,,n,,,06월 01일,08월 01일,,n,n,,,,,,n,n,,,,,,n,n,n,n,n,n,n,n,y,y,y,y,n
송고민박,,전라남도 여수시 남면 유송리,,,,,n,,0,3,0,0,,,n,,,06월 01일,08월 01일,,n,n,,,,,,n,n,,,,,,n,n,n,n,n,n,n,n,y,y,y,y,n
대부산민박,,전라남도 여수시 남면 유송리,,,,,n,,0,3,0,0,,,n,,,06월 01일,08월 01일,,n,n,,,,,,n,n,,,,,,n,n,n,n,n,n,n,n,y,y,y,y,n
안섬민박,,전라남도 여수시 남면 안도리,,,,,n,,0,6,0,0,,,n,,,06월 01일,08월 01일,,n,n,,,,,,n,n,,,,,,n,n,n,n,n,n,n,n,y,y,y,y,n
소율민박,,전라남도 여수시 돌산읍 율림리,,,,,n,,0,4,0,0,,,n,,,06월 01일,08월 01일,,n,n,,,,,,n,n,,,,,,n,n,n,n,n,n,n,n,y,y,y,y,n
소율중앙민박,,전라남도 여수시 돌산읍 율림리,,,,,n,,0,6,0,0,,,n,,,06월 01일,08월 01일,,n,n,,,,,,n,n,,,,,,n,n,n,n,n,n,n,n,y,y,y,y,n
별바다민박,,전라남도 여수시 돌산읍 평사리,,,,,n,,0,3,0,0,,,n,,,06월 01일,08월 01일,,n,n,,,,,,n,n,,,,,,n,n,n,n,n,n,n,n,y,y,y,y,n
딸부자집민박,,전라남도 여수시 돌산읍 둔전리,,,,,n,,0,3,0,0,,,n,,,06월 01일,08월 01일,,n,n,,,,,,n,n,,,,,,n,n,n,n,n,n,n,n,y,y,y,y,n
수빈네민박,,전라남도 여수시 돌산읍 율림리,,,,,n,,0,3,0,0,,,n,,,06월 01일,08월 01일,,n,n,,,,,,n,n,,,,,,n,n,n,n,n,n,n,n,y,y,y,y,n
산마루민박,,전라남도 여수시 돌산읍 율림리,,,,,n,,0,6,0,0,,,n,,,06월 01일,08월 01일,,n,n,,,,,,n,n,,,,,,n,n,n,n,n,n,n,n,y,y,y,y,n
아리랑민박,,전라남도 여수시 돌산읍 율림리,,,,,n,,0,4,0,0,,,n,,,06월 01일,08월 01일,,n,n,,,,,,n,n,,,,,,n,n,n,n,n,n,n,n,y,y,y,y,n
워터파크,,전라남도 여수시 돌산읍 율림리,,,,,n,,0,3,0,0,,,n,,,06월 01일,08월 01일,,n,n,,,,,,n,n,,,,,,n,n,n,n,n,n,n,n,y,y,y,y,n
처갓집민박,,전라남도 여수시 돌산읍 율림리,,,,,n,,0,4,0,0,,,n,,,06월 01일,08월 01일,,n,n,,,,,,n,n,,,,,,n,n,n,n,n,n,n,n,y,y,y,y,n
무랑민박,,전라남도 여수시 돌산읍 우두리,,,,,n,,1,6,0,0,,,n,,,06월 01일,08월 01일,,n,n,,,,,,y,n,,10,0,,,n,n,n,y,n,n,n,n,y,y,y,y,n
해뜨는산장,,전라남도 여수시 돌산읍 율림리,,,,,n,,0,5,0,0,,,n,,,06월 01일,08월 01일,,n,n,,,,,,n,n,,,,,,n,n,n,n,n,n,n,n,y,y,y,y,n
밀물민박,,전라남도 여수시 돌산읍 죽포리,,,,,n,,0,6,0,0,,,n,,,06월 01일,08월 01일,,n,n,,,,,,n,n,,,,,,n,n,n,n,n,n,n,n,y,y,y,y,n
광야민박,,전라남도 여수시 돌산읍 죽포리,,,,,n,,0,3,0,0,,,n,,,06월 01일,08월 01일,,n,n,,,,,,n,n,,,,,,n,n,n,n,n,n,n,n,y,y,y,y,n
백림모텔,,전라남도 여수시 돌산읍 율림리,,,,,n,,0,4,0,0,,,n,,,06월 01일,08월 01일,,n,n,,,,,,n,n,,,,,,n,n,n,n,n,n,n,n,y,y,y,y,n
풍경화펜션,,전라남도 여수시 돌산읍 향일암로 375,"375, Hyangiram-ro Dolsan-eup, Yeosu-si, Jeollanam-do",380653.7662,223172.8817,landscape.namdominbak.go.kr/ ,n,,0,6,0,0,,,n,14:00,12:00,06월 01일,08월 01일,,n,n,5%,2016-05-31,2017-05-31,,,y,n,,12,0,,,n,n,n,y,n,n,n,n,y,y,y,y,n
경미민박,,전라남도 여수시 돌산읍 죽포리,,,,,n,,0,3,0,0,,,n,,,06월 01일,08월 01일,,n,n,,,,,,n,n,,,,,,n,n,n,n,n,n,n,n,y,y,y,y,n
참조은,,전라남도 여수시 돌산읍 율림리,,,,,n,,0,5,0,0,,,n,,,06월 01일,08월 01일,,n,n,,,,,,n,n,,,,,,n,n,n,n,n,n,n,n,y,y,y,y,n
향일횟집-민박,,전라남도 여수시 돌산읍 율림리,,,,,n,,0,5,0,0,,,n,,,06월 01일,08월 01일,,n,n,,,,,,n,n,,,,,,n,n,n,n,n,n,n,n,y,y,y,y,n
서울 민박,,전라남도 여수시 돌산읍 율림리,,,,,n,,0,0,0,0,,,n,0:00,23:59,,,,n,n,,,,,,n,n,,,,,,n,n,n,n,n,n,n,n,y,y,y,y,n
소율바닷가,,전라남도 여수시 돌산읍 율림리,,,,,n,,0,0,0,0,,,n,0:00,23:59,,,,n,n,,,,,,n,n,,,,,,n,n,n,n,n,n,n,n,y,y,y,y,n
정유소매점,,전라남도 여수시 돌산읍 죽포리,,,,,n,,0,0,0,0,,,n,0:00,23:59,,,,n,n,,,,,,n,n,,,,,,n,n,n,n,n,n,n,n,y,y,y,y,n
작금 민박,,전라남도여수시 돌산읍 금성리,,,,,n,,0,0,0,0,,,n,0:00,23:59,,,,n,n,,,,,,n,n,,,,,,n,n,n,n,n,n,n,n,y,y,y,y,n
월송정,,전라남도 여수시 돌산읍 평사리,,,,,n,,0,0,0,0,,,n,0:00,23:59,,,,n,n,,,,,,n,n,,,,,,n,n,n,n,n,n,n,n,y,y,y,y,n
정가득한 집,,전라남도 여수시 돌산읍 율림리,,,,,n,,0,0,0,0,,,n,0:00,23:59,,,,n,n,,,,,,n,n,,,,,,n,n,n,n,n,n,n,n,y,y,y,y,n
친절한 민박,,전라남도 여수시 돌산읍 율림리,,,,,n,,0,0,0,0,,,n,0:00,23:59,,,,n,n,,,,,,n,n,,,,,,n,n,n,n,n,n,n,n,y,y,y,y,n
율도민박,,전라남도 여수시 돌산읍 율림리,,,,,n,,0,0,0,0,,,n,0:00,23:59,,,,n,n,,,,,,n,n,,,,,,n,n,n,n,n,n,n,n,y,y,y,y,n
슬기네 민박,,전라남도 여수시 돌산읍 율림리,,,,,n,,0,0,0,0,,,n,0:00,23:59,,,,n,n,,,,,,n,n,,,,,,n,n,n,n,n,n,n,n,y,y,y,y,n
진이 민박,,전라남도 여수시 돌산읍 율림리,,,,,n,,0,0,0,0,,,n,0:00,23:59,,,,n,n,,,,,,n,n,,,,,,n,n,n,n,n,n,n,n,y,y,y,y,n
해돋이 산장 ,,전라남도 여수시 돌산읍 율림리,,,,,n,,0,0,0,0,,,n,0:00,23:59,,,,n,n,,,,,,n,n,,,,,,n,n,n,n,n,n,n,n,y,y,y,y,n
신진 민박,,전라남도 여수시 돌산읍 신복리,,,,,n,,0,0,0,0,,,n,0:00,23:59,,,,n,n,,,,,,n,n,,,,,,n,n,n,n,n,n,n,n,y,y,y,y,n
별장민박,,전라남도 여수시 돌산읍 죽포리,,,,,n,,0,0,0,0,,,n,0:00,23:59,,,,n,n,,,,,,n,n,,,,,,n,n,n,n,n,n,n,n,y,y,y,y,n
하얀파도민박,,전라남도 여수시 돌산읍 향일암로 386-11,"386-11, Hyangiram-ro Dolsan-eup, Yeosu-si, Jeollanam-do",380703.1727,223282.282,,n,,2,5,0,0,,"여수,향일암,하얀파도민박",n,14:00,12:00,06월 01일,08월 01일,,n,n,,,,,,y,n,,0,0,,,n,n,n,y,n,n,n,n,n,y,y,y,n
믿음 민박,,전라남도 여수시 돌산읍 죽포리,,,,,n,,0,0,0,0,,,n,0:00,23:59,,,,n,n,,,,,,n,n,,,,,,n,n,n,n,n,n,n,n,y,y,y,y,n
청솔 민박,,전라남도 여수시 돌산읍 죽포리,,,,,n,,0,0,0,0,,,n,0:00,23:59,,,,n,n,,,,,,n,n,,,,,,n,n,n,n,n,n,n,n,y,y,y,y,n
삼거리 민박,,전라남도 여수시 돌산읍 율림리,,,,,n,,0,0,0,0,,,n,0:00,23:59,,,,n,n,,,,,,n,n,,,,,,n,n,n,n,n,n,n,n,y,y,y,y,n
안병진 민박,,전라남도 여수시 돌산읍 죽포리,,,,,n,,0,0,0,0,,,n,0:00,23:59,,,,n,n,,,,,,n,n,,,,,,n,n,n,n,n,n,n,n,y,y,y,y,n
에덴펜션,,전라남도 여수시 돌산읍 봉수길 92-22,"92-22, Bongsu-gil Dolsan-eup, Yeosu-si, Jeollanam-do",378404.2072,228317.5139,www.e-eden.co.kr,n,1,0,3,0,0,,,n,14:00,12:00,07월 10일,08월 20일,,y,n,,,,,,y,n,,0,0,,,n,y,y,y,n,n,y,n,y,y,y,y,n
종점모텔횟집,Jongjeom Motel Pension & Sashimi Restaurant,전라남도 여수시 돌산읍 향일암로 134,"134, Hyangiram-ro Dolsan-eup, Yeosu-si, Jeollanam-do",381821.1775,222310.9054,jongjeom.namdominbak.go.kr/,n,,0,20,0,0,,"여수,돌산,종점횟집모텔",n,15:00,12:00,07월 01일,08월 30일,,y,n,5%,2016-05-31,2017-05-31,"성수기 제외(7.25.∼8.15, 12.31.∼1.2.), 갓김치 현금 결재시 10% 할인",,y,n,,0,0,,,n,y,n,y,n,n,n,y,n,n,y,y,n
분재와 민박,,전라남도 여수시 돌산읍 율림리,,,,bunjae.namdominbak.go.kr/,n,,0,0,0,0,,,n,0:00,23:59,,,,n,n,,,,,,n,n,,,,,,n,n,n,n,n,n,n,n,y,y,y,y,n
돌비민박,,전라남도여수시 돌산읍 금성리,,,,dolbi.namdominbak.go.kr/,n,,0,0,0,0,,,n,0:00,23:59,,,,n,n,,,,,,n,n,,,,,,n,n,n,n,n,n,n,n,y,y,y,y,n
임포민박,,전라남도 여수시 돌산읍 율림리,,,,impo.namdominbak.go.kr/,n,,0,0,0,0,,,n,0:00,23:59,,,,n,n,,,,,,n,n,,,,,,n,n,n,n,n,n,n,n,y,y,y,y,n
일출민박,,전라남도 여수시 돌산읍 향일암로 770,"770, Hyangiram-ro Dolsan-eup, Yeosu-si, Jeollanam-do",381022.6327,225648.4775, ,n,,0,7,0,0,,,n,13:00,11:00,07월 01일,08월 30일,,y,n,,,,,,y,n,,10,0,,,n,n,n,n,n,n,n,y,y,y,y,y,n
해왕 민박,,전라남도 여수시 돌산읍 대율1길 22-5,"22-5, Daeyul 1-gil Dolsan-eup, Yeosu-si, Jeollanam-do",380594.4686,223245.1843,haewang.namdominbak.go.kr/,n,,0,8,0,0,,,n,15:00,11:00,06월 01일,08월 01일,,y,n,,,,,,n,n,,0,0,,,n,n,n,y,n,n,n,n,y,y,y,y,n
해변별장,,전라남도 여수시 돌산읍 평사리,,,,,n,,0,5,0,0,,,n,,,06월 01일,08월 01일,,n,n,,,,,,n,n,,,,,,n,n,n,n,n,n,n,n,y,y,y,y,n
은아산장,,전라남도 여수시 돌산읍 죽포리,,,,,n,,0,0,0,0,,,n,0:00,23:59,,,,n,n,,,,,,n,n,,,,,,n,n,n,n,n,n,n,n,y,y,y,y,n
은경민박,,전라남도 여수시 돌산읍 향일암로 804-6,"804-6, Hyangiram-ro Dolsan-eup, Yeosu-si, Jeollanam-do",381172.6248,225893.0789,,n,,1,6,0,0,,"여수,죽포리,은경민박",n,14:00,12:00,,,,n,n,,,,,,y,n,,0,0,,,n,y,y,y,n,n,n,n,n,y,y,y,n
뽕나무민박,,전라남도 여수시 돌산읍 죽포리,,,,,n,,0,0,0,0,,,n,0:00,23:59,,,,n,n,,,,,,n,n,,,,,,n,n,n,n,n,n,n,n,y,y,y,y,n
백포민박,,전라남도 여수시 돌산읍 율림리,,,,,n,,0,0,0,0,,,n,0:00,23:59,,,,n,n,,,,,,n,n,,,,,,n,n,n,n,n,n,n,n,y,y,y,y,n
지나네 민박,,전라남도 여수시 돌산읍 율림리,,,,,n,,0,0,0,0,,,n,0:00,23:59,,,,n,n,,,,,,n,n,,,,,,n,n,n,n,n,n,n,n,y,y,y,y,n
여산민박,,전라남도 여수시 돌산읍 율림리,,,,yeosan.namdominbak.go.kr/,n,,0,0,0,0,,,n,0:00,23:59,,,,n,n,,,,,,n,n,,,,,,n,n,n,n,n,n,n,n,y,y,y,y,n
다도해민박,,전라남도 여수시 돌산읍 율림리,,,,,n,,0,0,0,0,,,n,0:00,23:59,,,,n,n,,,,,,n,n,,,,,,n,n,n,n,n,n,n,n,y,y,y,y,n
일오삼민박,,전라남도 여수시 돌산읍 군내리,,,,ilosam.namdominbak.go.kr/,n,,0,0,0,0,,,n,0:00,23:59,,,,n,n,,,,,,n,n,,,,,,n,n,n,n,n,n,n,n,y,y,y,y,n
동서가든 민박,,전라남도 여수시 돌산읍 평사리,,,,,n,,0,0,0,0,,,n,0:00,23:59,,,,n,n,,,,,,n,n,,,,,,n,n,n,n,n,n,n,n,y,y,y,y,n
초원 민박,,전라남도 여수시 돌산읍 율림리,,,,,n,,0,0,0,0,,,n,0:00,23:59,,,,n,n,,,,,,n,n,,,,,,n,n,n,n,n,n,n,n,y,y,y,y,n
수목민박,,전라남도 여수시 돌산읍 율림리,,,,,n,,0,0,0,0,,,n,0:00,23:59,,,,n,n,,,,,,n,n,,,,,,n,n,n,n,n,n,n,n,y,y,y,y,n
솔밭민박,,전라남도 여수시 돌산읍 죽포리,,,,,n,,0,0,0,0,,,n,0:00,23:59,,,,n,n,,,,,,n,n,,,,,,n,n,n,n,n,n,n,n,y,y,y,y,n
중앙민박,,전라남도 여수시 돌산읍 율림리,,,,,n,,0,0,0,0,,,n,0:00,23:59,,,,n,n,,,,,,n,n,,,,,,n,n,n,n,n,n,n,n,y,y,y,y,n
프라하모텔,Prada Motel,전라남도 여수시 시청서1길 56,"56, Sicheongseo 1-gil, Yeosu-si, Jeollanam-do",369050.0043,239896.4006,,n,,1,31,0,0,,"여수,학동,프라다모텔",n,12:00,14:00,07월 01일,08월 31일,,n,n,,,,,y,y,n,,10,2,,,n,y,n,y,n,n,y,y,n,n,n,n,n
캐슬모텔,Castel Motel,전라남도 여수시 봉산남8길 7-20,"7-20, Bongsannam 8-gil, Yeosu-si, Jeollanam-do",374841.909,237164.404,,n,,1,31,0,0,,"여수,캐슬,모텔",n,12:00,12:00,07월 01일,08월 30일,,n,n,,,,,,y,n,,30,0,,,n,y,y,y,n,n,n,n,n,n,n,n,n
트윈스모텔,,전라남도 여수시 둔덕3길 12,"12, Dundeok 3-gil, Yeosu-si, Jeollanam-do",372897.7619,241126.6542,,n,,0,40,0,0,,"트윈스파크,모텔,장애인 편의 시설 ",n,12:00,12:00,07월 01일,08월 30일,,n,n,,,,,,y,n,,0,0,,,n,y,y,y,n,n,n,y,y,y,y,y,n
카라모텔,Kara Motel,전라남도 여수시 무선6길 42-4,"42-4, Museon 6-gil, Yeosu-si, Jeollanam-do",368226.3787,242009.072,,n,,1,32,0,0,,"여수,선원동,카라모텔",n,12:00,12:00,07월 01일,08월 30일,,n,n,5%,2016-05-31,2017-05-31,,,y,n,,20,0,,,n,y,y,y,n,n,n,n,n,y,y,y,n
貧晁,Sharp Motel,전라남도 여수시 시청동2길 22-1,"22-1, Sicheongdong 2-gil, Yeosu-si, Jeollanam-do",369420.4967,240137.5027,,n,,1,36,0,0,,"여수,학동,貧晁,모텔",n,12:00,12:00,07월 01일,08월 30일,,n,n,,,,,,y,n,,10,0,,,n,y,y,y,n,n,n,n,n,n,n,n,n
벤츠모텔,,전라남도 여수시 둔덕3길 6-1,"6-1, Dundeok 3-gil, Yeosu-si, Jeollanam-do",372880.7593,241054.047,,n,,0,32,0,0,,"벤츠,모텔,장애인 편의 시설",n,12:00,12:00,04월 20일,08월 30일,,n,n,,,,,,y,n,,0,0,,,n,y,y,y,n,n,y,n,y,y,y,y,n
식스모텔,,전라남도 여수시 성산3길 21-3,"21-3, Seongsan 3-gil, Yeosu-si, Jeollanam-do",368091.6798,242115.7751,,n,,0,38,0,0,,"모텔식스,모텔",n,12:00,12:00,07월 01일,08월 31일,,n,n,,,,,,y,n,,0,0,,,n,y,y,y,n,n,n,n,y,y,y,y,n
베니스모텔,Venice Motel,전라남도 여수시 봉산남6길 17-7,"17-7, Bongsannam 6-gil, Yeosu-si, Jeollanam-do",375024.2049,237317.1071,,n,,1,35,0,0,,"베니스,모텔",n,,,07월 01일,08월 30일,,n,n,,,,,,y,n,,0,0,,,n,y,n,y,n,n,n,n,n,n,n,n,n
로부파크모텔,,전라남도 여수시 둔덕2길 6-6,"6-6, Dundeok 2-gil, Yeosu-si, Jeollanam-do",373011.5584,241032.2524,,n,,0,34,0,0,,로부모텔,n,12:00,12:00,07월 01일,08월 30일,,n,n,,,,,,y,n,,0,0,,,n,y,y,y,n,n,n,n,y,y,y,y,n
골든파크 모텔,Golden Park Motel  ,전라남도 여수시 오동도로 75,"75, Odongdo-ro, Yeosu-si, Jeollanam-do",,,www.gphotel.co.kr,n,,0,74,0,0,,조식,n,14:00,11:00,,,,y,n,,,,,,y,n,,30,0,,,n,y,y,y,n,n,n,y,n,y,n,n,n
벨라지오관광호텔,Bellagio Hotel,전라남도 여수시 시청서6길 13,"13, Sicheongseo 6-gil, Yeosu-si, Jeollanam-do",,,www.blghotel.com,n,,1,41,0,0,,"관광호텔, 숙박, 벨라지오관광호텔",n,15:00,11:00,06월 01일,08월 01일,,n,n,,,,,,y,n,,25,0,,,n,y,y,y,n,n,n,y,n,n,n,n,n
그랜드모텔,,전라남도 여수시 거북선공원2길 19,"19, Geobukseongongwon 2-gil, Yeosu-si, Jeollanam-do",369576.3928,240363.8095,http://grandmotel.modoo.at/,n,,0,40,0,0,,,n,16:00,12:00,08월 01일,08월 30일,,n,n,,,,,,y,n,,18,0,,,n,y,y,y,n,n,n,y,n,y,n,y,y
K3모텔,New World Motel,전라남도 여수시 시청동3길 30-5,"30-5, Sicheongdong 3-gil, Yeosu-si, Jeollanam-do",,,,n,,1,38,0,0,,"여수,학동,k3모텔",n,0:00,23:59,04월 20일,10월 20일,,n,n,,,,,,y,n,,11,0,,,n,y,y,y,n,n,n,y,y,y,y,y,n
여수 궁 모텔,,전라남도 여수시 돌산읍 강남로 52,"52, Gangnam-ro Dolsan-eup, Yeosu-si, Jeollanam-do",377420.5059,235811.7485,www.yeosugoong.com/,n,,0,32,0,0,,,n,20:00,12:00,07월 01일,08월 30일,,n,n,,,,,,y,n,,0,0,,,n,y,y,y,n,n,n,n,n,n,y,n,n
드림모텔,,전라남도 여수시 둔덕3길 14,"14, Dundeok 3-gil, Yeosu-si, Jeollanam-do",372913.5568,241140.6509,,n,,0,40,0,0,,,n,13:00,12:00,07월 01일,08월 30일,,n,n,,,,,,y,n,,0,0,,,n,y,y,y,n,n,n,n,y,y,y,y,n
로또모텔,,전라남도 여수시 여문1로 39-14,"39-14, Yeomun 1-ro, Yeosu-si, Jeollanam-do",373050.6876,239322.3621,,n,,0,42,0,0,,,n,13:00,12:00,07월 01일,08월 30일,,n,n,,,,,,y,n,,0,0,,,n,y,n,y,n,n,n,y,n,n,n,n,n
마이하우스모텔,,전라남도 여수시 여문1로 43-21,"43-21, Yeomun 1-ro, Yeosu-si, Jeollanam-do",373082.5882,239338.8632,,n,,1,40,0,0,,"여서동, 마이하우스모텔, 숙박, 도심",n,12:00,12:00,07월 15일,08월 15일,,n,n,15%,2016-05-31,2017-05-31,,,y,n,,16,2,,,n,y,y,y,n,n,y,n,y,y,y,y,n
리모텔,Lee Motel,전라남도 여수시 여문1로 43-13,"43-13, Yeomun 1-ro, Yeosu-si, Jeollanam-do",373121.4874,239362.9646,,n,,1,40,0,0,,"여수,여서동,리모텔",n,12:00,12:00,07월 01일,08월 30일,,n,n,,,,,,y,n,,11,0,,,n,y,y,y,n,n,n,n,n,n,n,n,n
샹보르관광호텔,,전라남도 여수시 공화남2길 20,"20, Gonghwanam 2-gil, Yeosu-si, Jeollanam-do",,,www.ystourist.co.kr,n,,0,35,0,0,,"관광호텔, 숙박, 샹보르관광호텔",n,15:00,11:00,07월 15일,08월 15일,,n,n,,,,,,y,n,,30,0,,,n,y,y,y,n,n,n,y,n,n,y,n,n
삼정모텔,,전라남도 여수시 흥국로 32-8,"32-8, Heungguk-ro, Yeosu-si, Jeollanam-do",369627.5908,240509.4099,www.yeosumotel.kr,n,,0,39,0,0,,,n,14:00,12:00,04월 01일,10월 31일,,n,n,10%,2016-05-31,2017-05-31,,,y,n,,0,0,,,n,y,y,y,n,n,n,n,n,n,n,n,n
쌍둥이네흙집,,전라남도 여수시 돌산읍 돌산로 1622-24,"1622-24, Dolsan-ro Dolsan-eup, Yeosu-si, Jeollanam-do",376673.7513,226272.3012,www.6449797.com,n,,11,10,0,0,,"여수,돌산읍 금봉리,쌍둥이네 흙집",n,14:00,11:00,07월 20일,08월 15일,,n,n,,,,,,y,n,,20,0,,,n,n,y,y,n,n,n,y,n,n,n,n,n
썬타운펜션,,전라남도 여수시 망양로 42-1,"42-1, Mangyang-ro, Yeosu-si, Jeollanam-do",377302.1474,240254.1189,www.ssuntown.com/,n,,0,5,0,0,,,n,14:00,11:00,07월 01일,08월 31일,,n,n,5%,2017-06-01,2018-05-31,"주말, 공휴일 및 성수기 제외",,y,n,,0,0,,,n,y,y,y,n,n,y,n,y,y,y,y,n
여수 썬하우스 호텔,Sunhouse Motel,전라남도 여수시 시청서1길 60,"60, Sicheongseo 1-gil, Yeosu-si, Jeollanam-do",369055.9024,239869.9024,www.sunhousemotel.net,n,,0,42,0,0,,"여수,선소,썬하우스모텔",n,13:00,12:00,07월 15일,08월 25일,,y,n,,,,,,y,n,,20,0,,,n,y,n,y,n,n,n,y,n,n,n,y,n
언덕에바람펜션,,전라남도 여수시 돌산읍 돌산로 717,"717, Dolsan-ro Dolsan-eup, Yeosu-si, Jeollanam-do",377761.4061,221905.1532,www.hilll.net/,n,,2,2,0,0,,,n,14:00,12:00,07월 20일,08월 20일,,n,n,,,,,,y,n,,20,1,,,n,y,y,y,n,n,n,y,n,y,n,n,n
씨죤펜션,,전라남도 여수시 소호12길 43-40,"43-40, Soho 12-gil, Yeosu-si, Jeollanam-do",367299.6544,237226.9939,www.seazone.kr,n,,1,10,0,0,,"여수펜션,씨죤펜션,디오션리조트,여수소호동,소호동,디오션근처",n,14:00,11:00,07월 15일,08월 20일,,y,n,5%,2016-05-31,2017-05-31,,,y,n,,20,10,,,n,y,y,y,n,n,n,n,n,n,n,n,n
엘리자베스모텔,,전라남도 여수시 여문문화2길 69,"69, Yeomunmunhwa 2-gil, Yeosu-si, Jeollanam-do",372776.9914,239238.9648,,n,,0,40,0,0,,,n,14:00,12:00,,,,n,n,,,,,,y,n,,0,0,,,n,y,y,y,n,n,n,n,y,y,y,y,n
엑스포펜션,,전라남도 여수시 만성리길 30,"30, Manseongni-gil, Yeosu-si, Jeollanam-do",376830.72,242126.4014,www.엑스포펜션.com,n,3,0,11,0,0,,,n,15:00,11:00,07월 01일,08월 31일,,n,n,,,,,,y,n,,0,0,,,n,y,y,y,n,n,n,y,n,n,n,n,n
오작교펜션,,전라남도 여수시 돌산읍 강남해안로 92,"92, Gangnamhaean-ro Dolsan-eup, Yeosu-si, Jeollanam-do",377007.9108,235522.3453, ,n,,0,4,0,0,,,n,14:00,12:00,07월 12일,08월 30일,,n,n,,,,,,y,n,,,,,,n,y,y,y,n,n,n,n,n,n,n,n,n
오페라모텔,Opera Motel,전라남도 여수시 돌산읍 강남1길 39-17,"39-17, Gangnam 1-gil Dolsan-eup, Yeosu-si, Jeollanam-do",377295.7091,235768.7505,www.motelopera.com,n,,0,35,0,0,,"여수,돌산청사,오페라모텔,장애인 편의 시설",n,14:00,12:00,07월 21일,08월 15일,,n,n,,,,,,y,n,,35,0,,,n,y,n,y,n,n,n,n,n,n,n,n,n
제우스 모텔,,전라남도 여수시 봉산남7길 13(봉산동),"13, Bongsannam 7-gil, Yeosu-si, Jeollanam-do",374923.8054,237187.6077,,n,,0,40,0,0,,,n,12:00,12:00,07월 01일,08월 30일,,n,n,10%,2016-05-31,2017-05-31,"주말, 공휴일(前) 및 성수기(하계) 제외	",,y,n,,0,0,,,n,y,y,y,n,n,n,n,y,y,y,y,n
비앤비치 관광호텔,B&Beach Tourist Hotel,전라남도 여수시 시청서6길 25,"25, Sicheongseo 6-gil, Yeosu-si, Jeollanam-do",,,www.bnbeach.com,n,,0,41,0,0,,"관광호텔, 숙박, 비앤비치 관광호텔",n,14:00,12:00,07월 01일,08월 15일,,y,n,,,,,,y,n,,20,0,,,n,y,y,y,n,n,n,y,n,n,n,n,n
프랑스 호텔 (일반호텔),France Motel,전라남도 여수시 시청서6길 23,"23, Sicheongseo 6-gil, Yeosu-si, Jeollanam-do",,,프랑스모텔.kr,n,,0,44,0,0,,"여수,학동,프랑스모텔",n,15:00,12:00,07월 01일,08월 30일,,y,n,10%,2016-05-31,2017-05-31,공휴일 및 성수기(7. 15.∼8. 16.) 제외,,y,n,,20,0,,,n,y,n,y,n,n,n,y,n,y,y,n,n
팔레스모텔,,전라남도 여수시 봉산남5길 8,"8, Bongsannam 5-gil, Yeosu-si, Jeollanam-do",374989.3975,237411.4005,,n,,0,43,0,0,,,n,12:00,12:00,07월 01일,08월 30일,,n,n,,,,,,y,n,,40,10,,,n,y,y,y,n,n,y,n,y,y,y,y,n
하얀풍차펜션,,전라남도 여수시 돌산읍 돌산로 649-12,"649-12, Dolsan-ro Dolsan-eup, Yeosu-si, Jeollanam-do",378186.3081,221679.9627,,n,,0,9,0,0,,,n,14:00,12:00,06월 01일,08월 01일,,n,n,,,,,,y,n,,,,,,n,y,y,y,n,n,n,n,y,y,y,y,n
해리펜션,,전라남도 여수시 돌산읍 계동로 390,"390, Gyedong-ro Dolsan-eup, Yeosu-si, Jeollanam-do",380355.3688,230244.4316,www.haery.co.kr/,n,,0,6,0,0,,,n,15:00,11:00,07월 20일,08월 20일,,n,n,10%,2017-06-01,2018-05-31,여름 성수기 제외,,y,n,,0,0,,,n,y,y,y,n,n,n,n,y,y,y,y,n
해질녘펜션,,전라남도 여수시 돌산읍 평사로 190,"190, Pyeongsa-ro Dolsan-eup, Yeosu-si, Jeollanam-do",374522.3476,227586.0647,www.kbs1.kr/h/haejilyeok,n,,0,4,0,0,,,n,,,07월 15일,08월 15일,,n,n,10%,2016-05-31,2017-05-31,10%,,y,n,,0,0,,,n,y,y,y,n,n,n,n,y,y,y,y,n
MK호텔,mk Motel,전라남도 여수시 시청서5길 16,"16, Sicheongseo 5-gil, Yeosu-si, Jeollanam-do",368923.7012,239888.1971,http://www.mkhotel.co.kr/stdzn/page.do?request=goMainPage&bizCode=P201602017,n,,1,38,0,0,,MK모텔,n,14:00,12:00,07월 01일,08월 30일,,n,n,10%,2017-06-01,2018-05-31,"공휴일, 토요일(주말), 성수기 제외 / 간단한 조식 무료제공",,y,n,,16,2,,,n,y,y,y,n,n,n,y,y,y,y,y,y
해질녘펜션,,전라남도 여수시 돌산읍 금봉리,,,,,n,,0,0,0,0,,,n,0:00,23:59,,,,n,n,,,,,,n,n,,,,,,n,n,n,n,n,n,n,n,y,y,y,y,n
동원바다펜션,,전라남도 여수시 돌산읍 율림리,,,,www.dwpension.co.kr,n,,0,100,0,0,,,n,13:00,12:00,06월 15일,09월 15일,,n,n,,,,,,y,n,,,,,,n,n,y,y,n,n,y,y,y,y,y,y,n
엘로우몽키펜션,,전라남도남 여수시 돌산읍 우두리,,,,www.6446662.com,n,,0,1,0,0,,,n,14:00,12:00,06월 01일,08월 01일,,n,n,,,,,,y,n,,,,,,n,y,y,y,n,n,n,n,y,y,y,y,n
들가펜션,,전라남도 여수시 돌산읍 봉수길 52-2,"52-2, Bongsu-gil Dolsan-eup, Yeosu-si, Jeollanam-do",,,www.들가.kr,n,,0,3,0,0,,,n,14:00,12:00,07월 10일,08월 27일,,y,n,,,,,,y,n,,,,,,n,y,y,y,n,n,n,y,y,y,y,y,n
하얀정원민박,,전라남도 여수시 돌산읍 계동로 397,"397, Gyedong-ro Dolsan-eup, Yeosu-si, Jeollanam-do",380244.6695,230252.3335,,n,,0,5,0,0,,,n,14:00,11:00,07월 20일,08월 15일,,n,n,5%,2017-06-01,2018-05-31,,,y,n,,0,0,,,n,n,y,y,n,n,n,n,y,y,y,y,n
가사리꽃님이네펜션,,전라남도 여수시 소라면 가사안길 27,"27, Gasaan-gil Sora-myeon, Yeosu-si, Jeollanam-do",363540.158,239026.2226,www.gasaripensioncafe.co.kr,n,,0,7,0,0,,"가사리펜션,가사리,꽃님이네펜션",n,15:00,11:00,07월 15일,08월 20일,,n,n,10%,2016-05-31,2017-05-31,,,y,n,15~20대 주차 가능,15,0,,,n,y,y,y,n,n,n,y,y,y,y,y,y
상록수민박,,전라남도 여수시 남면 우학리,,,,,n,,0,0,0,0,,,n,0:00,23:59,,,,n,n,,,,,,n,n,,,,,,n,n,n,n,n,n,n,n,y,y,y,y,n
 24게스트하우스 여수,,전라남도 여수시 공화남3길 19,"19, Gonghwanam 3-gil, Yeosu-si, Jeollanam-do",376836.8705,238837.7281,yeosu.24guesthouse.co.kr,n,,1,16,0,0,,"24게스트하우스 여수, 게스트하우스, 숙박, 여수엑스포",n,,,,,,n,n,5%,2016-05-31,2017-05-31,"공휴일 전날, 주말 및 성수기(하계) 제외, 전화 및 홈페이지 사전 예약시 사용가능",,n,n,,0,0,,,n,n,n,n,n,n,n,n,y,y,y,y,n
우경이네,,전라남도 여수시 돌산읍 금천2길 23,"23, Geumcheon 2-gil Dolsan-eup, Yeosu-si, Jeollanam-do",375441.6582,226655.9834,blog.naver.com/sook8524,n,,0,1,0,0,,"우경이네, 돌산, 민박, 방죽포, 무슬목, 향일암",n,13:00,11:00,07월 10일,08월 30일,,n,n,,,,,,y,n,,4,0,,,n,n,n,y,n,n,n,n,n,y,y,y,n
게스트하우스(여수 패밀리앤프렌즈),,전라남도 여수시 중앙로 48-2,"48-2, Jungang-ro, Yeosu-si, Jeollanam-do",,,cafe.naver.com/yeosufnf,n,,1,3,0,0,,"여수 패밀리앤프렌즈,여수 추천,여수 숙박,숙박,여수 게스트하우스,여수 잠잘곳,여수 민박",n,15:00,11:00,07월 15일,08월 31일,,n,n,5%,2016-05-31,2017-05-31,사전 예약자 적용,,n,y,,0,0,,,n,n,n,y,n,n,n,y,y,y,y,y,n
가을펜션,,전라남도 여수시 돌산읍 강남6길 7-17,"7-17, Gangnam 6-gil Dolsan-eup, Yeosu-si, Jeollanam-do",377080.8023,236198.7453,,n,,5,5,0,0,,"민박, 숙박업소, 여수숙박, 잠잘곳",n,14:00,11:00,07월 10일,08월 30일,,n,n,,,,,,y,n,,8,1,,,n,n,n,y,n,n,n,n,y,y,y,y,n
여수 천년한옥 민박,,전라남도 여수시 소라면 오룡길 43-28,"43-28, Oryong-gil Sora-myeon, Yeosu-si, Jeollanam-do",364043.2344,239889.6572,,n,,1,1,0,0,,"여수천년한옥,민박",n,14:00,11:00,06월 30일,08월 31일,,n,n,,,,,,y,n,,2,0,,,n,n,y,y,n,n,n,n,n,n,n,n,n
핀란드의 아침 리조트,,전라남도 여수시 돌산읍 무술목길 59,"59, Musulmok-gil Dolsan-eup, Yeosu-si, Jeollanam-do",379801.7775,232293.4388,http://핀란드의아침펜션.com,n,,14,0,0,0,,"리조트,펜션,일출명소,오션뷰,케이블카,오동도,돌산대교,엑스포장 부근",n,15:00,11:00,07월 22일,08월 27일,,n,n,,,,,,n,n,투숙객 무료,40,3,해양수산과학관,,n,y,y,y,n,n,n,n,y,y,y,y,y
밍크모텔,,전라남도 여수시 오동도로 61-6,"61-6, Odongdo-ro, Yeosu-si, Jeollanam-do",377459.3045,238565.7731,,n,,1,18,0,0,,"모텔,여수모텔,밍크모텔",n,18:00,11:00,07월 10일,08월 30일,,n,n,10%,2017-06-01,2018-05-31,,,y,n,,2,0,"고가도로 주차장, 엑스포 주차장",,n,y,y,y,n,n,y,y,y,y,y,y,y
엑스포모텔,,전라남도 여수시 관문서2길 7,"7, Gwanmunseo 2-gil, Yeosu-si, Jeollanam-do",376301.6795,238190.3182,,n,,0,0,0,0,,,n,,,,,,n,n,10%,2017-06-01,,"편백나무 전객실 , 식혜 서비스 , 진남관이순신광장 도보3분,여성전용 한증막 50% 입장",,n,n,,0,0,,,n,n,n,n,n,n,n,n,y,y,y,y,y
나무게스트하우스앤펜션,,전라남도 여수시 돌산읍 강남4길 53,"53, Gangnam 4-gil Dolsan-eup, Yeosu-si, Jeollanam-do",377145.4665,236182.0895,,n,,0,0,0,0,,,n,,,,,,n,n,20%,2016-05-31,2017-05-31,"주말, 공휴일, 성수기 및 도미토리 제외",,n,n,,0,0,,,n,n,n,n,n,n,n,n,n,n,n,n,n
오페라온돌모텔,,전라남도 여수시 돌산읍 강남로 45,"45, Gangnam-ro Dolsan-eup, Yeosu-si, Jeollanam-do",377351.6542,235769.4333,,n,,0,0,0,0,,,n,,,,,,n,n,10%,2016-05-31,2017-05-31,,,n,n,,0,0,,,n,n,n,n,n,n,n,n,n,n,n,n,n
돌비펜션민박,,전라남도 여수시 돌산읍 돌산로 607,"607, Dolsan-ro Dolsan-eup, Yeosu-si, Jeollanam-do",378709.6053,221805.1716,,n,,0,0,0,0,,,n,,,,,,n,n,5%,2016-05-31,2017-05-31,주중만 사용 가능,,n,n,,0,0,,,n,n,n,n,n,n,n,n,n,n,n,n,n
힐링펜션,,전라남도 여수시 돌산읍 진목2길 48,"48, Jinmok 2-gil Dolsan-eup, Yeosu-si, Jeollanam-do",378844.856,235938.5076,,n,,0,0,0,0,,,n,,,,,,n,n,20%,2016-05-31,2017-05-31,주말 및 공휴일 제외,,n,n,,0,0,,,n,n,n,n,n,n,n,n,n,n,n,n,n
노을마루민박,,전라남도 여수시 돌산읍 평사로 379,"379, Pyeongsa-ro Dolsan-eup, Yeosu-si, Jeollanam-do",379652.2725,230064.0205,,n,,0,0,0,0,,,n,,,,,,n,n,20%,2017-06-01,,,,n,n,,0,0,,,n,n,n,n,n,n,n,n,n,n,n,n,n
블랭크 호스텔,,전라남도 여수시 망양로 351,"351, Mangyang-ro, Yeosu-si, Jeollanam-do",376839.0172,242472.4952,,n,,0,0,0,0,,,n,,,,,,n,n,10%,2016-05-31,2017-05-31,주말 및 성수기 제외,,n,n,,0,0,,,n,n,n,n,n,n,n,n,n,n,n,n,n
해들채펜션,,전라남도 여수시 망양로 38,"38, Mangyang-ro, Yeosu-si, Jeollanam-do",376953.5881,244642.033,,n,,0,0,0,0,,,n,,,,,,n,n,10%,2016-05-31,2017-05-31,"주말, 공휴일 전날 및 성수기 제외",,n,n,,0,0,,,n,n,n,n,n,n,n,n,n,n,n,n,n
노을바다펜션,,전라남도 여수시 돌산읍 진모1길 29-40,"29-40, Jinmo 1-gil Dolsan-eup, Yeosu-si, Jeollanam-do",377919.8296,234287.9675,,n,,0,0,0,0,,,n,,,,,,n,n,10%,2016-05-31,2017-05-31,,,n,n,,0,0,,,n,n,n,n,n,n,n,n,n,n,n,n,n
해뜨락펜션,,전라남도 여수시 돌산읍 강남해안로 85,"85, Gangnamhaean-ro Dolsan-eup, Yeosu-si, Jeollanam-do",377149.0743,235666.2191,,n,,0,0,0,0,,,n,,,,,,n,n,,2016-05-31,2017-05-31,"주중 20%, 주말 및 공휴일 10%, 성수기(7. 20.∼8. 15.) 5%",,n,n,,0,0,,,n,n,n,n,n,n,n,n,n,n,n,n,n
클로버하우스(호스텔),,전라남도 여수시 종고산길 6,"6, Jonggosan-gil, Yeosu-si, Jeollanam-do",376203.2593,239393.0057,,n,,0,0,0,0,,,n,,,,,,n,n,10%,2016-05-31,2017-05-31,,,n,n,,0,0,,,n,n,n,n,n,n,n,n,n,n,n,n,n
황진이24시불가마사우나,,전라남도 여수시 거북선공원1길 16,"16, Geobukseongongwon 1-gil, Yeosu-si, Jeollanam-do",369556.19,240463.6003,,n,,0,0,0,0,,,n,0:00,23:59,,,,n,n,10%,2016-05-31,2017-05-31,공휴일 및 주말 제외,,y,n,,0,0,,,n,n,n,n,n,n,n,n,n,n,n,n,n
포시즌모텔,,전라남도 여수시 여서1로 95-9,"95-9, Yeoseo 1-ro, Yeosu-si, Jeollanam-do",373401.4761,239617.1703,,n,,0,0,0,0,,,n,,,,,,n,n,10%,2016-05-31,2017-05-31,공휴일 및 주말 제외,,n,n,,0,0,,,n,n,n,n,n,n,n,n,n,n,n,n,n
해오름스파펜션,,전라남도 여수시 돌산읍 향일암로 786,"786, Hyangiram-ro Dolsan-eup, Yeosu-si, Jeollanam-do",381112.1293,225736.6779,,n,,0,0,0,0,,,n,,,,,,n,n,20%,2016-05-31,2017-05-31,"토요일, 공휴일 및 성수기 제외",,n,n,,0,0,,,n,n,n,n,n,n,n,n,n,n,n,n,n
오동도유람선,,전라남도 여수시 수정동 332-23,,,,,n,,0,0,0,0,,,n,0:00,23:59,,,,n,n,,,,,,y,n,,0,0,,,n,n,n,n,n,n,n,n,n,n,n,n,n
하늘땅펜션,,전라남도 여수시 돌산읍 평사로 499,"499, Pyeongsa-ro Dolsan-eup, Yeosu-si, Jeollanam-do",379246.5799,230027.7222,,n,,0,0,0,0,,,n,,,,,,n,n,,2016-05-31,2017-05-31,주말 10% / 성수기 (7. 15.- 8. 20.) 제외,,n,n,,0,0,,,n,n,n,n,n,n,n,n,n,n,n,n,n
시드니모텔,,전라남도 여수시 오림4길 59,"59, Orim 4-gil, Yeosu-si, Jeollanam-do",374296.0665,239932.1835,,n,,0,0,0,0,,,n,,,,,,n,n,10%,2016-05-31,2017-05-31,월요일∼목요일 적용,,n,n,,0,0,,,n,n,n,n,n,n,n,n,n,n,n,n,n
천마모텔,,전라남도 여수시 돌산읍 평사로 745-7,"745-7, Pyeongsa-ro Dolsan-eup, Yeosu-si, Jeollanam-do",378527.275,230737.8055,,n,,0,0,0,0,,,n,,,,,,n,n,,,,,y,n,n,,0,0,,,n,n,n,n,n,n,n,n,n,n,n,n,n
아리랑힐호텔,,전라남도 여수시 성산3길 21-4,"21-4, Seongsan 3-gil, Yeosu-si, Jeollanam-do",368122.1802,242092.9733,,n,,0,0,0,0,,,n,,,,,,n,n,10%,2016-05-31,2017-05-31,,,n,n,,0,0,,,n,n,n,n,n,n,n,n,n,n,n,n,n
엑스포1# 호스텔,,전라남도 여수시 돌산읍 강남8길 35-7,"35-7, Gangnam 8-gil Dolsan-eup, Yeosu-si, Jeollanam-do",377174.8869,235895.6608,,n,,0,0,0,0,,,n,,,,,,n,n,20%,2017-06-01,2018-05-31,,,n,n,,0,0,,,n,n,n,n,n,n,n,n,n,n,n,n,n
여수카멜리아,,전라남도 여수시 돌산읍 금천1길 45,"45, Geumcheon 1-gil Dolsan-eup, Yeosu-si, Jeollanam-do",375031.1571,226859.4793,,n,,0,0,0,0,,,n,,,,,,n,n,,,,,,n,n,,0,0,,,n,n,n,n,n,n,n,n,n,n,n,n,n
여수엑스포펜션 호스텔,,전라남도 여수시 돌산읍 돌산로 3394,"3394, Dolsan-ro Dolsan-eup, Yeosu-si, Jeollanam-do",378074.8045,235799.5593,http://www.ysexpo.co.kr/,n,,1,26,0,0,,"엑스포,펜션,호스텔",n,15:00,10:00,07월 15일,08월 20일,,n,n,,,,,,y,n,,40,10,,,n,y,y,y,n,n,n,y,y,y,y,y,y
추억애 바다 민박,,전라남도 여수시 남면 유송로 262,"262, Yusong-ro Nam-myeon, Yeosu-si, Jeollanam-do",378141.5018,215614.5961,www.doheunle.blog.me,n,,1,4,0,0,,"추억애,바다펜션,바다민박",n,14:00,11:00,07월 10일,08월 30일,,n,n,,,,,,y,n,,8,1,,,n,n,n,y,n,n,n,n,y,y,y,y,y
용비치관광호스텔,,전라남도 여수시 돌산읍 진두해안길 76,"76, Jinduhaean-gil Dolsan-eup, Yeosu-si, Jeollanam-do",376705.9874,237225.0341,www.yongbeach.com,n, 등급심사중,0,0,0,0,,"용비치관광호스텔,용비치,여수호텔",n,15:00,11:00,07월 01일,08월 31일,,n,n,,,,,,y,n,,9,0,해수청주차장,,n,y,y,y,n,n,n,y,y,y,y,y,y
첫사랑펜션,,전라남도 여수시 돌산읍 향일암로 719,"719, Hyangiram-ro Dolsan-eup, Yeosu-si, Jeollanam-do",381125.6373,225110.9837,http://www.firstlove52.com/first/,n,,0,0,0,0,,"첫사랑펜션,첫사랑",n,,,,,,n,n,,,,,,n,n,,0,0,,,n,n,n,y,n,n,n,n,y,y,y,y,y
노블호텔,,전라남도 여수시 돌산읍 강남해안로 93,"93, Gangnamhaean-ro Dolsan-eup, Yeosu-si, Jeollanam-do",377149.0743,235666.2191,,n,,0,0,0,0,,"노블,노블호텔",n,15:00,11:00,,,,y,n,,,,,,y,n,,0,0,,,n,y,n,y,n,n,n,y,y,y,y,y,y
여수이순신마리나,,전라남도 여수시 웅천동 1684,"35-42, Yeulmaru-ro, Yeosu-si, Jeollanam-do",370203.4047,238720.2145,,n,,0,0,0,0,,"마리나,요트,여수요트,웅천",y,8:00,21:00,,,,n,n,,,,,,y,n,,0,0,,,n,n,n,n,n,n,n,n,y,y,y,y,y
띠아모(무인텔)호텔,,전라남도 여수시 봉산남6길 12,"12, Bongsannam 6-gil, Yeosu-si, Jeollanam-do",374949.7017,237301.2034,http://tiamomotel.cafe24.com/,n,,1,66,0,0,,"모텔,숙박,띠아모모텔,무인텔",n,15:00,11:00,,,,n,n,"1실당 10,000원",2016-05-31,2017-05-31,"주말, 연휴 및 성수기(7. 13.∼8. 17.) 제외",,y,n,,80,5,,,n,y,y,y,n,n,n,n,y,y,y,y,y
비쥬게스트 하우스,,전라남도 여수시 봉산남7길 11-24,"11-24, Bongsannam 7-gil, Yeosu-si, Jeollanam-do",374976.4011,237276.2055,,n,,1,20,0,0,,"비쥬게스트 하우스,게스트하우스",n,15:00,11:00,,,,n,n,,,,,,y,n,,23,5,,,n,y,y,y,n,n,n,n,n,n,n,n,n
쥬얼리 모텔,,전라남도 여수시 오림4길 53,"53, Orim 4-gil, Yeosu-si, Jeollanam-do",374252.0682,239961.6803,blog.naver.com/helloyeosu,n,,1,18,0,0,,"쥬얼리모텔,모텔,오동도,여수엑스포,해양케이블카,진남제",n,14:00,11:00,07월 01일,08월 30일,,n,n,,,,,y,y,n,,8,0,진남경기주차장(대형차주차가능),,n,y,n,y,n,n,n,n,y,y,y,y,y
노을펜션민박,,전라남도 여수시 남면 직포길 18,"18, Jikpo-gil Nam-myeon, Yeosu-si, Jeollanam-do",376493.0368,212543.945,www.gpld5do.com,n,,0,0,0,0,,"비렁길,비렁길3코스,금오도,펜션민박",n,14:00,11:00,07월 10일,08월 30일,,n,n,,,,,,n,n,,10,0,,,n,y,y,y,n,n,n,y,y,y,y,y,y
힐링 호텔,,전라남도 여수시 화양면 화양로 1347-1,"1347-1, Hwayang-ro Hwayang-myeon, Yeosu-si, Jeollanam-do",364628.5203,233952.6777, www.여수힐링호텔.com,n,,1,22,0,0,,"힐링호텔,힐링,모텔,호텔,펜션,숙박",n,14:00,11:00,07월 10일,08월 30일,,y,n,,,,,,y,n,,50,5,,,n,y,y,y,n,n,n,n,y,y,y,y,y
쉴만한 들녘,,전라남도 여수시 돌산읍 둔전길 66-3,"66-3, Dunjeon-gil Dolsan-eup, Yeosu-si, Jeollanam-do",379461.0007,228702.1345,,n,,2,4,0,0,,"쉴만한 들녘,한옥,민박",n,14:00,11:00,07월 10일,08월 30일,,n,n,,,,,,n,n,,5,0,,,n,n,y,y,n,n,n,n,y,y,y,y,y
황진이24시불가마사우나,,전라남도 여수시 거북선공원1길 16,"16, Geobukseongongwon 1-gil, Yeosu-si, Jeollanam-do",369556.19,240463.6003,,n,,0,0,0,0,,,n,,,,,,n,n,10%,2016-05-31,2017-05-31,공휴일 및 주말 제외,,n,n,,0,0,,,n,n,n,n,n,n,n,n,n,n,n,n,n
아시아렌트카,,전라남도 여수시 오림1길 2,"2, Orim 1-gil, Yeosu-si, Jeollanam-do",374349.3332,240117.7024,,n,,0,0,0,0,,,n,,,,,,n,n,10%,2016-05-31,2017-05-31,3일 이상 이용시 20% 할인,,n,n,,0,0,,,n,n,n,n,n,n,n,n,n,n,n,n,n
여수거북선호,,전라남도 여수시 돌산읍 돌산로 3617-18,"3617-18, Dolsan-ro Dolsan-eup, Yeosu-si, Jeollanam-do",376108.5221,236871.3279,,n,,0,0,0,0,,,n,,,,,,n,n,20%,2016-05-31,2017-05-31,,,y,y,,0,0,오동도 입구 주차,,n,n,n,n,n,n,n,n,y,y,y,y,y
이사부크루즈,,전라남도 여수시 돌산읍 돌산로 3617-18,"3617-18, Dolsan-ro Dolsan-eup, Yeosu-si, Jeollanam-do",376108.5221,236871.3279,,n,,0,0,0,0,,,n,,,,,,n,n,10%,2020-09-01,2020-07-19,"정상요금 : 해상관광크루즈 19,000원, 낭만밤바다크루즈 23,000원, 야경불꽃크루즈 35,000원",,n,n,,0,0,,,n,n,n,n,n,n,n,n,n,n,n,n,n
 여수지뜨펜션(지뜨호스텔) GITE,,전라남도 여수시 여수시민로 1,"1, Yeosusimin-ro, Yeosu-si, Jeollanam-do",369276.3084,240290.5982, www.giteyeosu.com,n,,1,23,0,0,,"여수펜션,여수여행코스,여수케이블카,오동도,수영장펜션",n,15:00,11:00,,,,n,n,20%,2017-06-01,2018-05-31,"성수기,주말 제외",,n,n,,30,10,여수시 공영주차장,,n,y,y,y,n,n,n,y,y,y,y,y,y
1004호스텔,,전라남도 여수시 동문로 57,"57, Dongmun-ro, Yeosu-si, Jeollanam-do",376438.3807,238251.6193,1004hostel.modoo.at / www.1004hostel.co.kr,n,,1,15,0,0,,"게스트하우스,숙박,1004호스텔,천사호스텔",n,15:00,11:00,07월 15일,08월 20일,,y,n,,,,,,y,n,,0,0,공영주차장(대형차주차가능),,n,y,y,y,n,n,n,y,y,y,y,y,y
가우디 힐링 펜션,,전라남도 여수시 돌산읍 평사로 274-118,"274-118, Pyeongsa-ro Dolsan-eup, Yeosu-si, Jeollanam-do",376748.7389,228735.0162,www.internet.com,n,,1,4,0,0,,"가우디 힐링 민박,민박",n,14:00,11:00,07월 15일,08월 24일,,n,n,,,,,,y,n,,20,0,,,n,y,n,y,n,n,n,n,y,y,y,y,y
정현펜션,,전라남도 여수시 돌산읍 강남로 39,"39, Gangnam-ro Dolsan-eup, Yeosu-si, Jeollanam-do",377351.6542,235769.4333,www.정현펜션.com,n,,1,33,0,0,,"정현펜션,여수펜션",n,13:00,11:00,07월 10일,08월 30일,,n,n,,,,,,n,n,,10,0,,,n,y,y,y,n,n,n,y,y,y,y,y,y
까치펜션,,전라남도 여수시 돌산읍 돌산로 3131,"3131, Dolsan-ro Dolsan-eup, Yeosu-si, Jeollanam-do",,,http://blog.naver.com/frksky,n,,1,4,0,0,,"까치펜션,펜션",n,14:00,11:00,07월 10일,08월 30일,,n,n,,,,,,y,n,,6,0,,,n,y,y,y,n,n,n,n,y,y,y,y,y
낭만밤바다펜션리조트,,전라남도 여수시 이순신광장로 159,"159, Isunsingwangjang-ro, Yeosu-si, Jeollanam-do",376605.9472,237978.9219,,n,,0,0,0,0,,,n,,,,,,n,n,객실당 2만원,2017-06-01,2018-05-31,"전화예약만 가능, 개별고객에 한함 (단체 불가) / 할인금액에 상당한 부가서비스 대체가능",,n,n,,0,0,,,n,n,n,n,n,n,n,n,n,n,n,n,n
해가람하우스,,전라남도 여수시 돌산읍 평사로 148,"148, Pyeongsa-ro Dolsan-eup, Yeosu-si, Jeollanam-do",380757.9782,229479.2431,,n,특2급,7,32,0,0,,"해가람하우스,펜션,돌산도",n,14:00,11:00,07월 10일,08월 30일,,n,n,,,,,,y,n,,10,5,,,n,y,n,y,n,n,n,y,y,y,y,y,y
여수 흥국사 외국인템플스테이,,전라남도 여수시 흥국사길 160,"160, Heungguksa-gil, Yeosu-si, Jeollanam-do",372785.2774,247013.0049,www.templestay.com,n,,0,0,0,0,,"여수 흥국사,외국인템플스테이,템플,스테이",n,15:00,11:00,,,,y,n,,,,,,n,n,,0,0,,,n,n,n,n,n,n,n,y,y,y,y,y,y
잠자리 게스트하우스,,전라남도 여수시 관문서7길 8-8,"8-8, Gwanmunseo 7-gil, Yeosu-si, Jeollanam-do",376466.4738,238455.5189,www.yeosujamjari.com,n,,1,6,0,0,,"여수게스트하우스,여수잠자리,편안한잠자리,가족여행,여수여행",n,15:00,11:00,07월 14일,08월 26일,,y,n,,,,,,n,n,,0,0,,,n,y,y,y,n,n,n,y,y,y,y,y,y
마루민박펜션,,전라남도 여수시 화양면 화양로 143,"143, Hwayang-ro, Hwayang-myeon, Yeosu-si, Jeollanam-do",366016.4761,231709.0453,www.ysmaru.co.kr,n,,1,4,0,0,,"백야도펜션,여수의 섬여행",n,14:00,11:00,07월 10일,08월 30일,,n,n,,,,,,y,n,,10,0,,,n,n,y,y,n,n,n,y,y,y,y,y,y
25 모텔,,전라남도 여수시 여문문화2길 65,"65, Yeomunmunhwa 2-gil, Yeosu-si, Jeollanam-do",,,,n,,1,20,0,0,,"여수모텔,여수숙박,여수25,여수25모텔",n,16:00,13:00,06월 10일,08월 30일,,y,n,,,,,,y,n,,15,0,,,n,y,y,y,n,n,n,n,y,y,y,y,y
여수황토펜션,,전라남도 여수시 소라면 서부로 888-37,"888-37, Seobu-ro Sora-myeon, Yeosu-si, Jeollanam-do",,,www.6866868.co.kr,n,,9,13,0,0,,"여수펜션,여수여자만,갯벌체험,가족펜션,커플펜션,힐링펜션,웰빙펜션",n,14:00,11:00,07월 15일,08월 15일,,n,n,,,,,,y,n,,15,0,,,n,y,n,y,n,n,n,n,y,y,y,y,y
바다해펜션,,전라남도 여수시 화양면 소호로,"117, Soho-ro Hwayang-myeon, Yeosu-si, Jeollanam-do",366791.3254,235986.4306,http://바다해펜션.com/,n,,2,4,0,0,,,n,14:00,11:00,07월 10일,08월 30일,,n,n,,,,,,y,n,,10,1,,,n,n,n,y,n,n,y,n,y,y,y,y,y
오션힐 모텔,,전라남도 여수시 학동서1길 13,"13, Hakdongseo 1-gil, Yeosu-si, Jeollanam-do",369281.2849,240836.7005,,n,,1,14,0,0,,,n,,,07월 10일,08월 30일,,n,n,,,,,,y,n,,4,0,바로 맞은편 무료 주차 가능,,n,y,y,y,n,n,n,y,y,n,n,n,n
여수모텔,,전라남도 여수시 오림2길 12,"12, Orim 2-gil, Yeosu-si, Jeollanam-do",374161.0742,239918.1753,,n,,1,24,0,0,,,n,15:00,12:00,08월 01일,08월 30일,,n,n,,,,,,y,n,,5,0,고속터미널뒷편 진남경기장내 및 정문 앞쪽 도로 ,,n,y,y,y,n,n,y,y,y,n,n,n,n
씨스타 호스텔,,전라남도 여수시 소호1길 40,"40, Soho 1-gil, Yeosu-si, Jeollanam-do",,,http://seastarhostel.com,n,,1,21,0,0,,"씨스타호스텔,여수펜션,여수숙박,여수여행",n,15:00,11:00,07월 10일,08월 30일,,n,n,,,,,,y,n,,9,1,,,n,y,y,y,n,n,n,y,y,y,y,y,y
G 모텔,,전라남도 여수시 여문1로 43-7,"43-7, Yeomun 1-ro, Yeosu-si, Jeollanam-do",373146.7874,239379.7626,http://blog.naver.com/gahxpf2,n,,1,30,0,0,,"G모텔,모텔,숙박",n,14:00,12:00,07월 15일,08월 15일,,n,n,,,,,,y,n,,18,0,,,n,y,n,y,n,n,y,n,y,y,y,y,y
하림각 모텔,,전라남도 여수시 연등8길 17-1,"17-1, Yeondeung 8-gil, Yeosu-si, Jeollanam-do",374761.7649,239800.9846,,n,일반 모텔,7,12,0,0,,"하림각모텔,모텔,숙박",n,8:00,10:00,07월 10일,08월 30일,,n,n,,,,,,y,n,,0,10,,,n,y,n,y,n,n,n,n,y,y,y,y,y
여수쉼터펜션,,전라남도 여수시 율촌면 서부로 1089,"1089, Seobu-ro Yulchon-myeon, Yeosu-si, Jeollanam-do",,,http://yeosushelter.com/,n,,1,5,0,0,,"여수쉼터펜션,여수펜션,순천펜션,펜션",n,15:00,10:00,07월 10일,08월 30일,,n,n,,,,,,y,n,,7,0,,,n,n,n,y,n,n,n,n,y,y,y,y,y
분두골민박,,전라남도 여수시 소라면 서부로 1022-4,"1022-4, Seobu-ro Sora-myeon, Yeosu-si, Jeollanam-do",,,http://blog.naver.com/mojil2000?Redirect=Log&logNo=220558142116,n,,1,2,0,0,,"분두골민박,여자만민박,여수민박펜션",n,14:00,11:00,07월 10일,08월 30일,,n,n,,,,,,y,n,,5,2,,,n,n,y,y,n,n,n,n,y,y,y,y,y
대호팬션민박,,전라남도 여수시 남면 서고지길 46,"46, Seogoji-gil Nam-myeon, Yeosu-si, Jeollanam-do",381672.67,209051.3941,http://blog.naver.com/hoanhee1223,y,,1,5,0,0,,"대호펜션,섬여행 낚시,비령길팬션,숙박,낚시터",n,14:00,11:00,07월 10일,08월 30일,,n,n,,,,,,y,n,,15,2,,,n,n,y,y,n,n,n,n,y,y,y,y,y
파라다이스 스파 호스텔,,전라남도 여수시 오동도로 66,"66, Odongdo-ro, Yeosu-si, Jeollanam-do",377239.167,238380.0265,http://ysparaspa.com,n,,1,14,0,0,,"파라다이스,스파,호스텔,해상케이블카,오동도,아쿠아리움,여수밤바다,빅오쇼",n,15:00,11:00,07월 10일,08월 30일,,n,n,10%,2017-06-01,2018-05-31,"하계 성수기, 토요일, 준성수기 제외",,y,n,,6,0,박람회장(대형차주차가능),,n,y,y,y,n,n,n,y,y,y,y,y,y
갯가솔향 민박 ,,전라남도 여수시 돌산읍 계동로 547,"547, Gyedong-ro Dolsan-eup, Yeosu-si, Jeollanam-do",379630.2018,231470.4312,www.seasidepines.co.kr ,n,,1,2,0,0,,"갯가솔향,민박,숙박,여수 바닷가",n,15:00,11:00,07월 15일,08월 15일,,n,n,,,,,,y,n,,8,0,전남해양수산과학관,,n,n,n,y,n,n,n,y,y,y,y,y,y
개도민박,,전라남도 여수시 화정면 개도별촌길 71-12,"71-12, Gaedobyeolchon-gil Hwajeong-myeon, Yeosu-si, Jeollanam-do",369796.7826,220276.248,http://blog.naver.com/prologoa,n,,3,4,0,0,,"개도민박,섬여행,바닷가,신축",n,,,07월 10일,08월 30일,,n,n,,,,,,n,n,,2,0,언덕 아래 입구에 추가주차 가능,,n,n,y,y,n,n,n,n,y,y,y,y,y
호텔 유,,전라남도 여수시 시청동2길 16,"16, Sicheongdong 2-gil, Yeosu-si, Jeollanam-do",369461.101,240176.9022,,n,,0,40,0,0,,"여수숙박,여수모텔,여수호텔",n,16:00,13:00,07월 10일,08월 30일,,n,n,,,,,,n,n,,15,9, 여수시청(대형차주차가능)주말무료,,n,y,y,y,n,n,n,y,y,y,y,y,y
비엔에프 호텔(B&F HOTEL),,전라남도 여수시 선소로 15-4,"15-4, Seonso-ro, Yeosu-si, Jeollanam-do",369388.8023,239956.1087,www.bnfhotel.co.kr,n,일반(우수),1,24,0,0,,"비엔에프호텔,여수추천숙박,여수추천낚시,여수추천게스트하우스",n,14:00,12:00,07월 10일,08월 30일,,y,n,10%,2017-06-01,2018-05-31,,,n,n,,15,0,여수시청(대형차주차가능),,n,y,y,y,n,n,y,y,y,y,y,y,y
지인 호스텔&게스트하우스,,전라남도 여수시 돌산읍 강남2길 42-2,"42-2, Gangnam 2-gil Dolsan-eup, Yeosu-si, Jeollanam-do",,,http://blog.naver.com/jiinbill,n,,0,0,0,0,,,n,,,,,,n,n,10%,2017-06-01,2018-05-31,"성수기, 공휴일과 연결된 주말 제외",,n,n,,0,0,,,n,n,n,n,n,n,n,n,y,y,y,y,y
호스텔 폴로니아,,전라남도 여수시 동문로 139,"139, Dongmun-ro, Yeosu-si, Jeollanam-do",,,,n,,0,0,0,0,,,n,,,,,,n,n,10%,2017-06-01,2018-05-31,"주말,공휴일,성수시(하계)제외 등",,n,n,,0,0,,,n,n,n,n,n,n,n,n,y,y,y,y,y
아라&마루,,전라남도 여수시 봉산2로 31-1,"31-1, Bongsan 2-ro, Yeosu-si, Jeollanam-do",375038.902,237232.6077,,n,,0,0,0,0,,,n,,,,,,n,n,10%,2017-06-01,2018-05-31,"주말, 공휴일, 성수시(하계)제외 / 쿠폰 사용전 잔여객실 여부확인 1인 추가시 1인당 1만원",,n,n,,0,0,,,n,n,n,n,n,n,n,n,y,y,y,y,y
황금들녘 펜션,,전라남도 여수시 화양면 옥천로 1380,"1380, Okcheon-ro Hwayang-myeon, Yeosu-si, Jeollanam-do",,,,n,,0,0,0,0,,,n,,,,,,n,n,10%,2017-06-01,2018-05-31,,,n,n,,0,0,,,n,n,n,n,n,n,n,n,n,n,n,n,n
이하우스 모텔,,전라남도 여수시 오림4길 61,"61, Orim 4-gil, Yeosu-si, Jeollanam-do",374309.3709,239923.1833,,n,,0,0,0,0,,,n,,,,,,n,n,10%,2017-06-01,2018-05-31,주말제외,,n,n,,0,0,,,n,n,n,n,n,n,n,n,y,y,y,y,y
여수 썬비치 펜션,,전라남도 여수시 이순신광장로 165,"165, Isunsingwangjang-ro, Yeosu-si, Jeollanam-do",,,,n,,0,0,0,0,,,n,,,,,,n,n,객실당 2만원,2017-06-01,2018-05-31,"전화예약만가능, 개별고객에 한함 (단체 불가), 할인금액에 상당한 부가서비스 대체가능 (숯, 자이글대여)",,n,n,,0,0,,,n,n,n,n,n,n,n,n,n,n,n,n,n
여수inn게스트하우스,,전라남도 여수시 공화남2길 16-1,"16-1, Gonghwanam 2-gil, Yeosu-si, Jeollanam-do",376644.173,238567.6222,,n,,0,0,0,0,,,n,,,,,,n,n,5%,2017-06-01,2018-05-31,"성수기, 주말 제외",,n,n,,0,0,,,n,n,n,n,n,n,n,n,n,n,n,n,n
아리아 펜션&리조트,,전라남도 여수시 망양로 185,"185, Mangyang-ro, Yeosu-si, Jeollanam-do",,,,n,,0,0,0,0,,,n,,,,,,n,n,15%,2017-06-01,2018-05-31,"연휴,성수기,주말,12/31 제외",,n,n,,0,0,,,n,n,n,n,n,n,n,n,n,n,n,n,n
여수로 게스트하우스,,전라남도 여수시 공화북6길 2,"2, Gonghwabuk 6-gil, Yeosu-si, Jeollanam-do",376799.3682,238910.4242,,n,,0,0,0,0,,,n,,,,,,n,n,15%,2017-06-01,2018-05-31,"주말(금요일,토요일),공휴일,성수기(하계)제외",,n,n,,0,0,,,n,n,n,n,n,n,n,n,y,y,y,y,y
블루밍펜션,,전라남도 여수시 돌산읍 진모1길 29-37,"29-37, Jinmo 1-gil Dolsan-eup, Yeosu-si, Jeollanam-do",,,,n,,0,0,0,0,,,n,,,,,,n,n,30%,2017-06-01,2018-05-31,"주말, 공휴일(전날), 준성수기, (준)성수기(하계),x-mas, 연말연시 제외",,n,n,,0,0,,,n,n,n,n,n,n,n,n,y,y,y,y,y
거북선 호스텔,,전라남도 여수시 봉산남2길 23-12,"23-12, Bongsannam 2-gil, Yeosu-si, Jeollanam-do",374849.2009,237429.4983,,n,,0,0,0,0,,,n,,,,,,n,n,10%,2017-06-01,2018-05-31,할인은 2층 객실에 적용,,n,n,,0,0,,,n,n,n,n,n,n,n,n,y,y,y,y,y
MJ관광호스텔,,전라남도 여수시 오동도로 86,"86, Odongdo-ro, Yeosu-si, Jeollanam-do",377400.268,238288.0365,http://www.mjhostel.com/a/,n,,0,0,0,0,,,n,,,,,,n,n,5%,2017-06-01,2018-05-31,"주말,공휴일,성수기(하계)제외 / 10인이상 단체관광객 제외/오션뷰 1만원 추가",,n,n,,0,0,,,n,n,n,n,n,n,n,n,n,n,n,n,n
여수꽃날펜션,,전라남도 여수시 돌산읍 진모1길 29-35,"29-35, Jinmo 1-gil Dolsan-eup, Yeosu-si, Jeollanam-do",377955.9051,234280.9037,,n,,0,0,0,0,,,n,,,,,,n,n,10%,2017-06-01,2018-05-31,,,n,n,,0,0,,,n,n,n,n,n,n,n,n,y,y,y,y,y
마린베이 호텔,,전라남도 여수시 시청로 6길 15,"6, Sicheong-ro, Yeosu-si, Jeollanam-do",369376.9894,240512.4055,,n,,0,0,0,0,,,n,,,,,,n,n,10%,2017-06-01,2018-05-31,2인 객실에 추가 인원 발생시 추가요금은 할인안됨 / 7월15일부터 8월 20일까지 할인 제외,,n,n,,0,0,,,n,n,n,n,n,n,n,n,y,y,y,y,y
두산민박,,전라남도 여수시 삼산면 초도로 645,"645, Chodo-ro Samsan-myeon, Yeosu-si, Jeollanam-do",330775.2022,182622.7371,,n,,0,0,0,0,,"두산민박,민박,호텔",n,,,,,,n,n,,,,,,n,n,,0,0,,,n,y,y,y,n,n,n,n,n,n,n,n,n
개도중앙펜션,,전라남도 여수시 화정면 개도화산길 38-2,"38-2, Gaedohwasan-gil Hwajeong-myeon, Yeosu-si, Jeollanam-do",369152.1037,219323.4416,http://gaedo.modoo.at/,n,,0,0,0,0,,"개도,개도중앙펜션,펜션,숙박,민박,식당",n,,,07월 10일,08월 30일,,n,n,,,,,,y,n,,0,0,,,n,y,n,y,n,n,n,n,y,y,y,y,y
레브 펜션,,전라남도 여수시 화양면 화양로 798-33,"798-33, Hwayang-ro Hwayang-myeon, Yeosu-si, Jeollanam-do",366134.5556,230807.4213,,n,,7,7,0,0,,"여수펜션,여수카페,화양면,오션뷰펜션,레브",n,15:00,11:00,07월 20일,08월 19일,,n,n,,,,,,y,n,,40,0,해뜨는 언덕주차장,,n,y,y,y,n,n,n,y,y,y,y,y,y
리움 스파 호스텔,,전라남도 여수시 돌산읍 진두해안길 72,"72, Jinduhaean-gil Dolsan-eup, Yeosu-si, Jeollanam-do",376677.6963,237230.9295,http://www.lium.co.kr/,n,,1,20,0,0,,"리움스파호스텔,돌산펜션,여수 엑스포펜션,전망좋은펜션,전객실스파,전객실여수바다뷰",n,15:00,11:00,07월 22일,08월 26일,,y,n,,,,,,y,n,,6,0,,,n,y,y,y,n,n,n,n,y,y,y,y,y
쉼 게스트 하우스,,전라남도 여수시 소호6길,"7-9, Soho 6-gil, Yeosu-si, Jeollanam-do",367959.4208,238130.281,,n,"호스텔,펜션",1,8,0,0,,"쉼 게스트 하우스,여수게스트하우스,동동다리,전객실 오션뷰,모텔,숙박",n,15:00,11:00,07월 15일,08월 15일,,y,n,,,,,,y,n,,30,10,여수소호요트장(대형차주차가능),,n,y,y,y,n,n,n,y,y,y,y,y,y
스위트모텔,,전라남도 여수시 둔덕2길 6-2,"6-2, Dundeok 2-gil, Yeosu-si, Jeollanam-do",372901.659,241032.8536,,n,,1,21,0,0,,,n,12:00,12:00,07월 01일,08월 30일,,n,n,10%,,,,y,y,n,,0,0,,,n,y,y,y,n,n,n,n,y,y,y,y,y
호텔앙코르,,전라남도 여수시 시청동2길 33,"33, Sicheongdong 2-gil, Yeosu-si, Jeollanam-do",369379.4018,239992.3024,,n,,0,0,0,0,,,n,,,,,,n,n,,,,,y,n,n,,0,0,,,n,n,n,n,n,n,n,n,n,n,n,n,n
오페라모텔,,전라남도 여수시 돌산읍 강남1길 39-17,"39-17, Gangnam 1-gil, Dolsan-eup, Yeosu-si, Jeollanam-do",377295.7091,235768.7505,,n,,0,0,0,0,,,n,,,,,,n,n,,,,,y,n,n,,0,0,,,n,n,n,n,n,n,n,n,n,n,n,n,n
여수그레이스펜션,,전라남도 여수시 화양면 옥천로 1063-5,"1063-5, Okcheon-ro, Hwayang-myeon, Yeosu-si, Jeollanam-do",,,,n,,0,0,0,0,,,n,,,,,,n,n,,,,,y,n,n,,0,0,,,n,n,n,n,n,n,n,n,n,n,n,n,n
갤러리 민박,,전라남도 여수시 종고산길 68-1,"68-1, Jonggosan-gil, Yeosu-si, Jeollanam-do","127.7296883,3247",34.7472509,https://blog.naver.com/slhm4226/221077410394,n,,1,2,0,0,,,n,14:00,11:00,06월 01일,08월 30일,,n,n,,,,,n,y,n,,4,0,아랫 도로변 주차 가능지역,,n,y,y,y,n,n,n,n,y,n,y,y,n
아그리나 요트,,전라남도 여수시 웅천남2로 12,"12, Ungcheonnam 2-ro, Yeosu-si, Jeollanam-do",,,http://www.agrinayacht.com,n,,0,0,0,0,,"아그리나 요트,아그리나,요트,여수여행,요트투어",y,5:00,22:00,,,,n,n,40%,2020-07-01,2020-07-19,"가막만코스(50분) 정상요금 50,000원<br>오동도코스(150분) 정상요금 100,000원",n,y,n,,40,5,,,n,n,n,n,n,n,n,n,y,n,y,y,n
어사랑,,전라남도 여수시 봉산1로 1,"1, Bongsan 1-ro, Yeosu-si, Jeollanam-do",374697.9094,237103.0023,,n,,0,0,8,32,,"봉산동,대교동",n,11:00,22:00,,,"매월 첫째 셋째 화요일 휴무, 명절 전날 휴무",n,n,,,,,n,n,n,,0,0,인근도로주변 주차장,,n,n,n,n,n,n,n,n,n,n,n,n,n
숯소(선원동),,전라남도 여수시 무선6길 42-13,"42-13, Museon 6-gil, Yeosu-si, Jeollanam-do",368253.4777,242098.1754,,n,,0,0,154,0,,선원동,n,11:00,23:00,,,,n,n,,,,,n,y,n,,3,0,공용주차장이용,무,n,n,n,n,n,n,n,n,n,n,n,n,n
해원,,전라남도 여수시 소호로 283,"283, Soho-ro, Yeosu-si, Jeollanam-do",368118.1202,238423.9972,,n,,0,0,20,40,,"소호동,쌍봉동,물가조사",n,11:30,21:00,,,둘째 넷째 화요일 휴무,n,n,,,,,n,y,n,,20,0,,,n,n,n,n,y,n,n,n,n,n,n,n,n
형제숯불갈비,,전라남도 여수시 충무5길 9-3,"9-3, Chungmu 5-gil, Yeosu-si, Jeollanam-do",375484.0811,238234.406,,n,,0,0,80,24,,"충무동,물가조사",n,11:00,21:00,,,매월 첫째 셋째 일요일 휴무,n,n,,,,,n,y,n,,10,0,대한생명뒷골목,,n,n,n,n,y,n,n,n,n,n,n,n,n
혜정,,전라남도 여수시 시청서1길 44,"44, Sicheongseo 1-gil, Yeosu-si, Jeollanam-do",,,,n,,0,0,40,0,,"학동,쌍봉동",n,17:00,22:00,,,"매주 일요일휴무,명절은 상황에따라휴무",n,n,,2019-09-23,,,n,y,n,,0,0,인근 도로변,,n,n,n,n,n,n,n,n,y,n,y,y,n
일광,,전라남도 여수시 박람회길 23-36,"23-36, Bangnamhoe-gil, Yeosu-si, Jeollanam-do",,,,n,,0,0,40,0,,"덕충동,만덕동",n,11:00,21:00,,,매주 일요일,n,n,,,,,n,y,n,,2,0,도로변주차가능,,n,n,n,n,y,n,n,n,n,n,n,n,n
황토잠,,전라남도 여수시 돌산읍 평사양지길 69,"69, Pyeongsayangji-gil, Dolsan-eup, Yeosu-si, Jeollanam-do",376895.495,229797.585,,n,,1,1,0,0,,,n,,,07월 10일,08월 30일,,n,n,,,,,n,y,n,,0,0,,,n,y,n,y,n,n,n,n,y,n,y,y,n
포유호스텔,,전라남도 여수시 오동도로 46,"46, Odongdo-ro, Yeosu-si, Jeollanam-do",377051.7751,238447.5258,https://foryouhostel.modoo.at,n,,1,12,0,0,,"포유호스텔,여수게스트하우스,숙박,해상케이블카",n,14:00,11:00,07월 15일,08월 15일,,y,n,,,,,n,y,n,,20,10,,,n,y,y,y,n,n,n,y,y,n,y,y,n
여자만농촌마을,,전라남도 여수시 율촌면 서부로 1188,"1188, Seobu-ro, Yulchon-myeon, Yeosu-si, Jeollanam-do",359672.4357,247399.528,http://blog.naver.com/ouriagi0923,n,,0,0,0,0,,,y,,,,,,n,n,,,,,n,y,n,,30,2,,,n,n,n,n,n,n,n,n,y,n,y,y,n
안포Sea마을,,전라남도 여수시 화양면 화양로 922-13,"922-13, Hwayang-ro, Hwayang-myeon, Yeosu-si, Jeollanam-do",365261.7922,231265.8273,http://www.ahnpo.com/,n,,0,0,0,0,,,y,,,,,,n,n,,,,,n,y,n,,0,0,,,n,n,n,n,n,n,n,n,y,n,y,y,n
조이요트투어,,전라남도 여수시 웅천동 마리나 1,,,,,n,,0,0,0,0,,,y,8:00,23:00,,,,n,n,,2020-07-01,2020-07-19,"주간요트투어(50분) 50,000원 → 30,000원<br>주간요트조종체험(50분) 60,000원 → 32,000원<br>야경요트투어(150분) 90,000원 → 69,000원",n,y,n,,0,0,마리나 공용주차장,,n,n,n,n,n,n,n,n,y,y,y,y,y
골드비치리조트,,전라남도 여수시 소호로 213,"213, Soho-ro, Yeosu-si, Jeollanam-do",368118.1202,238423.9972,,n,,1,47,0,0,,"여수골드비치리조트,여수소호동,여수오션뷰,여수신축리조트",n,15:00,11:00,07월 01일,08월 31일,,n,n,,,,,n,y,n,,40,0,리조트 앞 갓길,,n,y,y,y,n,n,n,y,y,n,y,y,n
여수스파랜드,,전라남도 여수시 남산로 60-31,"60-31, Namsan-ro, Yeosu-si, Jeollanam-do",375742.5901,237638.011,http://061-643-7070.inter114.com/,n,,0,0,0,0,,,n,,,,,,n,n,,,,,n,n,n,,0,0,출입구경사로,,n,n,n,n,n,n,n,n,y,y,y,y,y
여수 호텔더시티,,전라남도 여수시 좌수영로 641,"641, Jwasuyeong-ro, Yeosu-si, Jeollanam-do",,,http://www.citypark.co.kr/,n,,0,55,0,0,,,n,15:00,11:00,07월 01일,08월 31일,,n,n,,,,,n,y,n,,0,0,,,n,y,y,y,n,n,n,y,y,n,y,y,n
어반스테이 여수오션힐,,전라남도 여수시 돌산읍 강남해안로 81,"81, Gangnamhaean-ro, Dolsan-eup, Yeosu-si, Jeollanam-do",377053.3127,235547.7448,urbanstay.co.kr/,n,,1,400,0,0,,"스카이비치,호텔,19층루프탑,수영장",n,15:00,11:00,,,,n,n,,,,,n,y,n,,120,0,,,n,y,y,y,n,n,n,y,y,n,y,y,n
D-stay,,전라남도 여수시 돌산읍 강남4길 29-31,"29-31, Gangnam 4-gil, Dolsan-eup, Yeosu-si, Jeollanam-do",377252.6078,236150.2429,http://www.dstay.co.kr/,n,,1,9,0,0,,"디스테이펜션,디스테이민박,숙소,숙박,펜션,민박,D_STAY,DSTAY,DSTAY펜션",n,15:00,11:00,07월 20일,08월 20일,,n,n,,,,,n,y,n,,7,0,,,n,n,y,y,n,n,n,y,y,y,y,y,n
예술랜드리조트,,전라남도 여수시 돌산읍 무술목길 142-1,"142-1, Musulmok-gil, Dolsan-eup, Yeosu-si, Jeollanam-do",379801.7775,232293.4388,http://www.alr.co.kr/,n,,0,80,0,0,,,n,9:00,21:00,,,,n,n,,,,,n,y,n,,500,30,,장애인 화장실만 있음,n,y,y,y,n,n,n,y,y,n,y,y,n
안단테 민박,,전라남도 여수시 화양면 화양로 123,"123, Hwayang-ro, Hwayang-myeon, Yeosu-si, Jeollanam-do",,,,n,,1,1,0,0,,,n,14:00,11:00,07월 10일,08월 30일,,n,n,,,,,n,y,n,,3,1,,,n,n,n,y,n,n,n,y,n,n,n,n,n
엑스포아트갤러리,,전라남도 여수시 박람회길 1,,,,http://www.expo2012.kr/ ,y,,0,0,0,0,,,y,10:00,18:00,,,월요일 휴관,n,n,,,,,n,y,y,,0,0,,,n,n,n,n,n,n,n,n,y,y,y,y,y
제백요트투어,,전라남도 여수시 예울마루로 37-33,"37-33, Yeulmaru-ro, Yeosu-si, Jeollanam-do",,,,n,,0,0,0,0,,,y,10:00,0:00,,,,n,n,25%,2020-07-01,2020-07-19,"주간요트투어(60분) 정상요금 40,000원, 야경요트투어(120분) 정상요금 80,000원",n,y,n,,40,5,,없음,n,n,n,n,n,n,y,y,y,y,y,y,y
안산동해물삼합,,전라남도 여수시 안산1길 186-5,,,,,n,,0,1,60,0,,,n,4:00,12:00,,,,n,n,,,,,n,n,n,,0,0,,,n,n,n,n,y,n,n,n,y,y,y,y,y
신우펜션민박,,전라남도 여수시 돌산읍 진두해안길 16-9,"16-9, Jinduhaean-gil, Dolsan-eup, Yeosu-si, Jeollanam-do",,,http://mtsolution.co.kr/sinwoopension,n,,0,1,0,0,,"돌산공원,케이블카,장군도",n,14:00,12:00,,,,n,n,,,,,n,y,n,,4,0,,,n,y,n,y,n,n,n,n,n,y,n,y,y
휴앤고호스텔,,전라남도 여수시 동문로 94,"94, Dongmun-ro, Yeosu-si, Jeollanam-do",,,www.huengo.kr,n,,1,4,0,0,,"휴앤고게스트아후스,모텔,숙박,게스트하우스",n,15:00,11:00,07월 10일,08월 30일,,y,n,,,,,n,y,y,,0,0,공영주차장,,n,y,n,y,n,n,n,n,n,y,y,y,y
여수나폴리하우스펜션,,전라남도 여수시 돌산읍 두문포길 131-3,,,,http://yeosunapolihouse.co.kr,n,,1,11,0,0,,,n,15:00,11:00,07월 01일,08월 31일,,n,n,,,,,n,y,n,,11,10," 여수나폴리하우스 앞,두문포항 내",,n,y,n,y,n,n,n,y,y,y,y,y,y
굿썸모텔,,전라남도 여수시 돌산읍 강남로 45,,,,http://0616446565.tshome.co.kr/,n,,0,32,0,0,,,n,,,,,,n,n,,,,,n,y,n,,0,0,,,n,y,n,n,n,n,n,n,y,y,y,y,y
초콜릿호텔,,전라남도 여수시 봉산동 258-4,,,,,n,,0,0,0,0,,,n,0:00,23:59,,,,n,n,,,,,n,n,n,,,,,,n,n,n,n,n,n,n,n,y,y,y,y,y
제이모텔,,전라남도 여수시 성산3길 24-8 (화장동),,,,,n,,0,0,0,0,,,n,0:00,23:59,,,,n,n,,,,,n,n,n,,,,,,n,n,n,n,n,n,n,n,y,y,y,y,y
6&9모텔,,전라남도 여수시 성산3길 21-10 (화장동),,,,,n,,0,0,0,0,,,n,0:00,23:59,,,,n,n,,,,,n,n,n,,,,,,n,n,n,n,n,n,n,n,y,y,y,y,y
제이제이,,전라남도 여수시 돌산읍 돌산로 2788,,,,,n,,0,0,0,0,,,n,0:00,23:59,,,,n,n,,,,,n,n,n,,,,,,n,n,n,n,n,n,n,n,y,y,y,y,y
KJ모텔,,전라남도 여수시 여문문화2길 33 (문수동),,,,,n,,0,0,0,0,,,n,0:00,23:59,,,,n,n,,,,,n,n,n,,,,,,n,n,n,n,n,n,n,n,y,y,y,y,y
쉼호텔,,전라남도 여수시 돌산읍 강남6길 48,,,,,n,,0,0,0,0,,,n,0:00,23:59,,,,n,n,,,,,n,n,n,,,,,,n,n,n,n,n,n,n,n,y,y,y,y,y
홍도,,전라남도 여수시 공화남2길 23-1 (공화동),,,,,n,,0,0,0,0,,,n,0:00,23:59,,,,n,n,,,,,n,n,n,,,,,,n,n,n,n,n,n,n,n,y,y,y,y,y
GD모텔,,전라남도 여수시 봉산동 257-1,,,,,n,,0,0,0,0,,,n,0:00,23:59,,,,n,n,,,,,n,n,n,,,,,,n,n,n,n,n,n,n,n,y,y,y,y,y
하나여인숙,,전라남도 여수시 교동시장4길 16-3 (교동),,,,,n,,0,0,0,0,,,n,0:00,23:59,,,,n,n,,,,,n,n,n,,,,,,n,n,n,n,n,n,n,n,y,y,y,y,y
월드여인숙,,전라남도 여수시 교동시장4길 7 (교동),,,,,n,,0,0,0,0,,,n,0:00,23:59,,,,n,n,,,,,n,n,n,,,,,,n,n,n,n,n,n,n,n,y,y,y,y,y
여행하기 좋은날,,전라남도 여수시 교동남1길 5-4 (교동),,,,,n,,0,0,0,0,,,n,0:00,23:59,,,,n,n,,,,,n,n,n,,,,,,n,n,n,n,n,n,n,n,y,y,y,y,y
여수게스트하우스 벨루가B,,전라남도 여수시 공화북4길 2 (공화동),,,,,n,,0,0,0,0,,,n,0:00,23:59,,,,n,n,,,,,n,n,n,,,,,,n,n,n,n,n,n,n,n,y,y,y,y,y
아모르,,전라남도 여수시 교동남1길 6-1 (교동),,,,,n,,0,0,0,0,,,n,0:00,23:59,,,,n,n,,,,,n,n,n,,,,,,n,n,n,n,n,n,n,n,y,y,y,y,y
연무인텔,,전라남도 여수시 소라면 죽림중앙로 13-5,,,,,n,,0,0,0,0,,,n,0:00,23:59,,,,n,n,,,,,n,n,n,,,,,,n,n,n,n,n,n,n,n,y,y,y,y,y
E하우스모텔,,전라남도 여수시 오림4길 61 (오림동),,,,,n,,0,0,0,0,,,n,0:00,23:59,,,,n,n,,,,,n,n,n,,,,,,n,n,n,n,n,n,n,n,y,y,y,y,y
세화모텔,,전라남도 여수시 오동도로 61-20 (수정동),,,,,n,,0,0,0,0,,,n,0:00,23:59,,,,n,n,,,,,n,n,n,,,,,,n,n,n,n,n,n,n,n,y,y,y,y,y
화린장,,전라남도 여수시 좌수영로 63-8 (광무동),,,,,n,,0,0,0,0,,,n,,,,,,n,n,,,2023-12-25,,n,n,n,,0,0,,,n,y,n,y,n,n,n,n,y,y,y,y,y
프린스 모텔,,전라남도 여수시 공화동 1087-2,,,,,n,,0,0,0,0,,,n,0:00,23:59,,,,n,n,,,,,n,n,n,,,,,,n,n,n,n,n,n,n,n,y,y,y,y,y
하얀집,,전라남도 여수시 삼산면 거문길 108-1,,,,,n,,0,0,0,0,,,n,0:00,23:59,,,,n,n,,,,,n,n,n,,,,,,n,n,n,n,n,n,n,n,y,y,y,y,y
아이젠 모텔,,전라남도 여수시 봉산2로 33 (봉산동),,,,,n,,0,0,0,0,,,n,0:00,23:59,,,,n,n,,,,,n,n,n,,,,,,n,n,n,n,n,n,n,n,y,y,y,y,y
여수게스트하우스  플라잉피그B&B,,전라남도 여수시 공화북3길 7 (공화동),,,,,n,,0,0,0,0,,,n,0:00,23:59,,,,n,n,,,,,n,n,n,,,,,,n,n,n,n,n,n,n,n,y,y,y,y,y
고향모텔,,전라남도 여수시 돌산읍 향일암로 75,,,,,n,,0,0,0,0,,,n,,,,,,n,n,,,,,n,n,n,,0,0,,,n,y,n,y,n,n,n,n,y,y,y,y,y
초원 모텔,,전라남도 여수시 봉산남2길 23-22 (봉산동),,,,,n,,0,0,0,0,,,n,0:00,23:59,,,,n,n,,,,,n,n,n,,,,,,n,n,n,n,n,n,n,n,y,y,y,y,y
뮤 모텔,,전라남도 여수시 봉산남6길 7 (봉산동),,,,,n,,0,0,0,0,,,n,0:00,23:59,,,,n,n,,,,,n,n,n,,,,,,n,n,n,n,n,n,n,n,y,y,y,y,y
커피타임,,전라남도 여수시 공화남3길 15 (공화동),,,,,n,,0,0,0,0,,,n,,,,,,n,n,,,,,n,n,n,,0,0,,,n,y,n,y,n,n,n,n,y,y,y,y,y
좌수영 모텔,,전라남도 여수시 봉산남8길 7-20 (봉산동),,,,,n,,0,0,0,0,,,n,0:00,23:59,,,,n,n,,,,,n,n,n,,,,,,n,n,n,n,n,n,n,n,y,y,y,y,y
T모텔,,전라남도 여수시 학동서1길 5 (학동),,,,,n,,0,0,0,0,,,n,0:00,23:59,,,,n,n,,,,,n,n,n,,,,,,n,n,n,n,n,n,n,n,y,y,y,y,y
HOTEL THE B,,전라남도 여수시 선소로 41 (학동),,,,,n,,0,0,0,0,,,n,0:00,23:59,,,,n,n,,,,,n,n,n,,,,,,n,n,n,n,n,n,n,n,y,y,y,y,y
여수 웨이트 호텔,,전라남도 여수시 시청동3길 30-7 (학동),,,,,n,,0,0,0,0,,,n,0:00,23:59,,,,n,n,,,,,n,n,n,,,,,,n,n,n,n,n,n,n,n,y,y,y,y,y
야자 여수학동점,,전라남도 여수시 시청동2길 13 (학동),,,,,n,,0,0,0,0,,,n,0:00,23:59,,,,n,n,,,,,n,n,n,,,,,,n,n,n,n,n,n,n,n,y,y,y,y,y
쉼모텔,,전라남도 여수시 돌산읍 강남6길 46,,,,,n,,0,0,0,0,,,n,0:00,23:59,,,,n,n,,,,,n,n,n,,,,,,n,n,n,n,n,n,n,n,y,y,y,y,y
